,account,date,text,compound,positive,neutral,negative
0,BBC,Mon May 07 08:03:04 +0000 2018,"From gut microbes to the time you eat, here are five potentially surprising factors that can affect your weight.
üëâ‚Ä¶ https://t.co/HhOXDdIGI5",0.2732,0.095,0.905,0.0
1,BBC,Mon May 07 07:04:03 +0000 2018,"Meet Piers and Magdelena, a deaf couple who run their own B&amp;B. üè†üç≥‚ù§Ô∏èÔ∏è

https://t.co/H2iArXnZex",0.0,0.0,1.0,0.0
2,BBC,Sun May 06 19:01:07 +0000 2018,"Don't like plastic straws? 
üëçüçù Here's a genius solution... https://t.co/79fOaOmak3",-0.2755,0.0,0.791,0.209
3,BBC,Sun May 06 18:04:07 +0000 2018,"Thanks to new treatments, a breast cancer diagnosis is no longer the terrifying and hopeless prospect it once was. https://t.co/nosH2xPRAo",-0.8481,0.162,0.414,0.424
4,BBC,Sun May 06 17:33:00 +0000 2018,The UK loves a cup of tea. ‚òï But are we ready for Kombucha? #TopOfTheShop https://t.co/rMEDCbMnE1,0.7351,0.341,0.659,0.0
5,BBC,Sun May 06 16:02:08 +0000 2018,"Enigmatic Escher: Early works by the artist like no other.
üëâ https://t.co/502kn9Kbjb https://t.co/55j3P86gFe",0.0772,0.17,0.68,0.15
6,BBC,Sun May 06 15:04:02 +0000 2018,Autism is not stopping this man from keeping the public safe. https://t.co/tdLWWDo2dz,0.5178,0.303,0.697,0.0
7,BBC,Sun May 06 14:33:00 +0000 2018,"üéπüèÖ Lauren Zhang struck a chord with the @BBCYoungMus 
judges, taking out the keyboard category final. https://t.co/BVTQV90n4P",-0.25,0.0,0.882,0.118
8,BBC,Sun May 06 14:08:09 +0000 2018,"ü§î Is 'Schadenfreude' a happy or sad feeling? Which language has 15 words for fear?

Try your luck in this quiz of u‚Ä¶ https://t.co/2ber8ul5pG",0.3094,0.269,0.534,0.198
9,BBC,Sun May 06 13:05:04 +0000 2018,"Scouse Brow is so on trend, scientists at the University of Liverpool have begun a study on it. https://t.co/daHPnCioiZ",0.0,0.0,1.0,0.0
10,BBC,Sun May 06 12:09:07 +0000 2018,"Pollution, construction and insect dung are said to be among the causes of the Taj Mahal changing colour. 
üëâ‚Ä¶ https://t.co/Yk6hUcgZHJ",0.0,0.0,1.0,0.0
11,BBC,Sun May 06 11:01:02 +0000 2018,Voice recognition tools still have a long way to go to catch up to humans. https://t.co/hge3gjazi3,0.0,0.0,1.0,0.0
12,BBC,Sun May 06 10:08:03 +0000 2018,"üéÄüé® A hue now associated with innocence once had a murkier meaning. 

@BBC_Culture looks at the ways in which pink h‚Ä¶ https://t.co/XlQjlVLxJi",0.3818,0.12,0.88,0.0
13,BBC,Sun May 06 09:03:03 +0000 2018,üåã This mesmerising footage shows the lava lake overflowing in Hawaii's Kilauea volcano. https://t.co/xAujfSM2Rw,0.0,0.0,1.0,0.0
14,BBC,Sun May 06 08:25:29 +0000 2018,RT @BBCNews: Prince Louis and Princess Charlotte seen at home in new photos https://t.co/kfsoZlH50m,0.0,0.0,1.0,0.0
15,BBC,Sun May 06 08:06:03 +0000 2018,üç≥ü•ö Eggs are wonderfully versatile and perfect for whipping up fantastic meals in minutes. Try a flavourful frittata‚Ä¶ https://t.co/ef4wA2oQpR,0.9042,0.427,0.573,0.0
16,BBC,Sun May 06 07:04:07 +0000 2018,üåäüò≤This is terrifying. https://t.co/wkL9EwcVxs,-0.5719,0.0,0.448,0.552
17,BBC,Sat May 05 19:05:07 +0000 2018,‚ôªÔ∏è Making household gas from human waste. https://t.co/8AdUpQJ9Ho,-0.4215,0.0,0.714,0.286
18,BBC,Sat May 05 18:06:07 +0000 2018,Ashley Butterfield has been around the world - but a visit to India brought home the particular challenges of being‚Ä¶ https://t.co/Idl70AX8x2,0.1154,0.075,0.925,0.0
19,BBC,Sat May 05 17:02:04 +0000 2018,"üò≠‚ù§Ô∏è Making us proud. 

‚õà @SurieOfficial has recorded a sign language version of the UK's @BBCEurovision entry, Stor‚Ä¶ https://t.co/7qDvBvReiy",0.4767,0.162,0.838,0.0
20,BBC,Mon May 07 08:03:04 +0000 2018,"From gut microbes to the time you eat, here are five potentially surprising factors that can affect your weight.
üëâ‚Ä¶ https://t.co/HhOXDdIGI5",0.2732,0.095,0.905,0.0
21,BBC,Mon May 07 07:04:03 +0000 2018,"Meet Piers and Magdelena, a deaf couple who run their own B&amp;B. üè†üç≥‚ù§Ô∏èÔ∏è

https://t.co/H2iArXnZex",0.0,0.0,1.0,0.0
22,BBC,Sun May 06 19:01:07 +0000 2018,"Don't like plastic straws? 
üëçüçù Here's a genius solution... https://t.co/79fOaOmak3",-0.2755,0.0,0.791,0.209
23,BBC,Sun May 06 18:04:07 +0000 2018,"Thanks to new treatments, a breast cancer diagnosis is no longer the terrifying and hopeless prospect it once was. https://t.co/nosH2xPRAo",-0.8481,0.162,0.414,0.424
24,BBC,Sun May 06 17:33:00 +0000 2018,The UK loves a cup of tea. ‚òï But are we ready for Kombucha? #TopOfTheShop https://t.co/rMEDCbMnE1,0.7351,0.341,0.659,0.0
25,BBC,Sun May 06 16:02:08 +0000 2018,"Enigmatic Escher: Early works by the artist like no other.
üëâ https://t.co/502kn9Kbjb https://t.co/55j3P86gFe",0.0772,0.17,0.68,0.15
26,BBC,Sun May 06 15:04:02 +0000 2018,Autism is not stopping this man from keeping the public safe. https://t.co/tdLWWDo2dz,0.5178,0.303,0.697,0.0
27,BBC,Sun May 06 14:33:00 +0000 2018,"üéπüèÖ Lauren Zhang struck a chord with the @BBCYoungMus 
judges, taking out the keyboard category final. https://t.co/BVTQV90n4P",-0.25,0.0,0.882,0.118
28,BBC,Sun May 06 14:08:09 +0000 2018,"ü§î Is 'Schadenfreude' a happy or sad feeling? Which language has 15 words for fear?

Try your luck in this quiz of u‚Ä¶ https://t.co/2ber8ul5pG",0.3094,0.269,0.534,0.198
29,BBC,Sun May 06 13:05:04 +0000 2018,"Scouse Brow is so on trend, scientists at the University of Liverpool have begun a study on it. https://t.co/daHPnCioiZ",0.0,0.0,1.0,0.0
30,BBC,Sun May 06 12:09:07 +0000 2018,"Pollution, construction and insect dung are said to be among the causes of the Taj Mahal changing colour. 
üëâ‚Ä¶ https://t.co/Yk6hUcgZHJ",0.0,0.0,1.0,0.0
31,BBC,Sun May 06 11:01:02 +0000 2018,Voice recognition tools still have a long way to go to catch up to humans. https://t.co/hge3gjazi3,0.0,0.0,1.0,0.0
32,BBC,Sun May 06 10:08:03 +0000 2018,"üéÄüé® A hue now associated with innocence once had a murkier meaning. 

@BBC_Culture looks at the ways in which pink h‚Ä¶ https://t.co/XlQjlVLxJi",0.3818,0.12,0.88,0.0
33,BBC,Sun May 06 09:03:03 +0000 2018,üåã This mesmerising footage shows the lava lake overflowing in Hawaii's Kilauea volcano. https://t.co/xAujfSM2Rw,0.0,0.0,1.0,0.0
34,BBC,Sun May 06 08:25:29 +0000 2018,RT @BBCNews: Prince Louis and Princess Charlotte seen at home in new photos https://t.co/kfsoZlH50m,0.0,0.0,1.0,0.0
35,BBC,Sun May 06 08:06:03 +0000 2018,üç≥ü•ö Eggs are wonderfully versatile and perfect for whipping up fantastic meals in minutes. Try a flavourful frittata‚Ä¶ https://t.co/ef4wA2oQpR,0.9042,0.427,0.573,0.0
36,BBC,Sun May 06 07:04:07 +0000 2018,üåäüò≤This is terrifying. https://t.co/wkL9EwcVxs,-0.5719,0.0,0.448,0.552
37,BBC,Sat May 05 19:05:07 +0000 2018,‚ôªÔ∏è Making household gas from human waste. https://t.co/8AdUpQJ9Ho,-0.4215,0.0,0.714,0.286
38,BBC,Sat May 05 18:06:07 +0000 2018,Ashley Butterfield has been around the world - but a visit to India brought home the particular challenges of being‚Ä¶ https://t.co/Idl70AX8x2,0.1154,0.075,0.925,0.0
39,BBC,Sat May 05 17:02:04 +0000 2018,"üò≠‚ù§Ô∏è Making us proud. 

‚õà @SurieOfficial has recorded a sign language version of the UK's @BBCEurovision entry, Stor‚Ä¶ https://t.co/7qDvBvReiy",0.4767,0.162,0.838,0.0
40,BBC,Sat May 05 16:04:06 +0000 2018,"üò≥Seriously, who has been throwing their phone at @NiallOfficial..? üòÇ https://t.co/7NUZ97it7q",0.0,0.0,1.0,0.0
41,BBC,Sat May 05 15:40:16 +0000 2018,"RT @BBCOne: Happy Birthday @Adele üéâ On your special day, here's a reminder of your most embarrassing moment üôà https://t.co/EfmUc8LMar",0.5434,0.275,0.601,0.124
42,BBC,Sat May 05 15:01:04 +0000 2018,Should we be able to choose our own death? https://t.co/QwLojMAoCm,-0.5994,0.0,0.698,0.302
43,BBC,Sat May 05 14:04:04 +0000 2018,"üåù Over the years, the full Moon has been blamed for everything from madness to baby booms.

But can it really affec‚Ä¶ https://t.co/kZI4IXGXou",-0.7184,0.0,0.769,0.231
44,BBC,Sat May 05 13:01:04 +0000 2018,"‚ù§Ô∏èü¶ã After a mastectomy, a bra tattoo changed Linda's life. https://t.co/LejK1NZg4M",0.0,0.0,1.0,0.0
45,BBC,Sat May 05 12:04:04 +0000 2018,"üåØüòã Wrap up a cheap and tasty, not to mention nutritious, lunch with these recipes for wraps. 
üëâ‚Ä¶ https://t.co/ysLlhCO2Hh",0.0,0.0,1.0,0.0
46,BBC,Sat May 05 11:04:03 +0000 2018,‚öΩÔ∏è Humaira Tasnim is inspiring the next generation and breaking down barriers for women in sport. https://t.co/zn77IdfO8K,0.4215,0.149,0.851,0.0
47,BBC,Sat May 05 10:06:04 +0000 2018,üçΩüò° We now know the reason that hunger causes us to lose our temper. But is it true that women are more susceptible‚Ä¶ https://t.co/dxjDlQ59k9,-0.5719,0.092,0.66,0.248
48,BBC,Sat May 05 09:03:07 +0000 2018,üéßüòç This is what coral reefs should sound like. https://t.co/j4gV62nnq9,0.3612,0.217,0.783,0.0
49,BBC,Sat May 05 08:06:01 +0000 2018,"'People with bad consciences always fear the judgment of children.' ~ Mary McCarthy

üôå The wit and wisdom of five o‚Ä¶ https://t.co/t5uiugokJe",-0.5106,0.125,0.627,0.247
50,BBC,Sat May 05 08:01:17 +0000 2018,"RT @BBCOne: Doesn't he do well?! üôåüî•

James Dean Bradfield from @Manics takes on #GigInAMinute. #SoundsLikeFridayNight https://t.co/wUirw9Ug‚Ä¶",0.0,0.0,1.0,0.0
51,BBC,Fri May 04 19:02:04 +0000 2018,"A young seal is having to be taught to swim upright, after avoiding death from a plastic ring stuck around its neck‚Ä¶ https://t.co/t5LUhrNxqG",-0.8074,0.0,0.684,0.316
52,BBC,Fri May 04 18:01:04 +0000 2018,üòÇüëç Turning parking fines to your advantage.  https://t.co/WUQ365Ip0J,0.25,0.222,0.778,0.0
53,BBC,Fri May 04 17:02:04 +0000 2018,How many calories are in your favourite drink? @HughFW investigates the impact of wine and beer. üç∑üç∫‚Ä¶ https://t.co/a9lBjKvkkr,0.0,0.0,1.0,0.0
54,BBC,Fri May 04 16:33:00 +0000 2018,When your boss calls your name but you're half way out the door... üëã#FridayFeeling #BankHolidayWeekend https://t.co/BiSM4oUznR,0.0,0.0,1.0,0.0
55,BBC,Fri May 04 16:00:17 +0000 2018,"Too excited for this üí•#TheStreets

#SoundsLikeFridayNight |  7.30pm | @BBCOne https://t.co/yEwIEW9jrV",0.34,0.231,0.769,0.0
56,BBC,Fri May 04 15:04:04 +0000 2018,"üòÇ Philomena Cunk, asking all the big questions. 
#CunkonBritain https://t.co/UItQTPbzYI",0.0,0.0,1.0,0.0
57,BBC,Fri May 04 14:25:56 +0000 2018,"RT @bbcmusic: Interested to see whether @KylieMinogue can top @AnneMarie's incredible #SoundsLikeFridayNight entrance later tbh üòÖ

Watch: 7‚Ä¶",0.5423,0.231,0.769,0.0
58,BBC,Fri May 04 13:00:25 +0000 2018,"A site offering to sell ready-made Instagram photos has just popped up.

Would you buy photos to fake the perfect I‚Ä¶ https://t.co/iplGpS355p",0.1531,0.143,0.736,0.12
59,BBC,Fri May 04 12:21:16 +0000 2018,RT @bbcarts: Visitors to the @britishmuseum get a surprise when @wmarybeard fulfils a lifelong ambition and spends the day as a gallery att‚Ä¶,0.2732,0.1,0.9,0.0
60,BBC,Fri May 04 12:00:21 +0000 2018,üòÇ It turns out that it's *quite* difficult to keep a straight face while testing laughing gas... https://t.co/vUQwxcTTD7,0.3818,0.248,0.631,0.121
61,BBC,Fri May 04 11:00:19 +0000 2018,"üéûüçø From Solo: A Star Wars Story to anime hits and a Pope Francis doc, here are 10 movies worth watching in May. 
üëâ‚Ä¶ https://t.co/Xf8Mhkf6bs",-0.4019,0.072,0.792,0.136
62,BBC,Fri May 04 09:38:41 +0000 2018,"ü§î Remember Simon Pegg's starring role in #StarWars?
#MayTheFourth #StarWarsDay https://t.co/bBOY2cQiyI",0.0,0.0,1.0,0.0
63,BBC,Fri May 04 09:33:30 +0000 2018,"RT @BBCArchive: Happy #StarWarsDay! Here's a 1978 clip from Arena featuring Mark Hamill, Gary Kurtz, John Barry and the droids. #MayThe4thB‚Ä¶",0.6114,0.174,0.826,0.0
64,BBC,Fri May 04 09:20:39 +0000 2018,"RT @BBCTwo: #MayThe4thBeWithYou, Philomena Cunk! üí´üòÇ #StarWarsDay https://t.co/kOgPEKhO7g",0.0,0.0,1.0,0.0
65,BBC,Fri May 04 08:48:34 +0000 2018,RT @bbcpress: BBC announces coverage for the #RoyalWedding across TV and radio: https://t.co/Cq1xFaWxKf https://t.co/BuFurmd4AY,0.0,0.0,1.0,0.0
66,BBC,Fri May 04 08:00:14 +0000 2018,‚ù§Ô∏èüëó This amazing woman lends prom dresses to girls who can't afford them. https://t.co/p8bIGPhYx0,0.5859,0.226,0.774,0.0
67,BBC,Fri May 04 07:28:03 +0000 2018,Much of the focus on plastic pollution centres on our oceans. Emerging evidence shows it‚Äôs also a problem in freshw‚Ä¶ https://t.co/KdTmh6TssL,-0.4019,0.0,0.876,0.124
68,BBC,Fri May 04 07:01:01 +0000 2018,üçì Snacking doesn't have to be unhealthy! https://t.co/fcOkgs6eR3,-0.5707,0.0,0.619,0.381
69,BBC,Fri May 04 06:30:00 +0000 2018,"""You have to be best friends""
What advice do you have for Harry and Meghan? üíë https://t.co/wiVwqvEP2f",0.8074,0.343,0.657,0.0
70,BBC,Thu May 03 19:46:45 +0000 2018,RT @BBCOne: YOU CHOOSE NUTS OVER BERRIES WHEN MARY BERRY HERSELF IS STANDING IN FRONT OF YOU?!!! üôà #BBHC https://t.co/PmHT5ZNpja,-0.6006,0.0,0.822,0.178
71,BBC,Thu May 03 19:03:04 +0000 2018,"Tonight, @bbclysedoucet tells the story of the Syrian war through extraordinary testimony from those who have lived‚Ä¶ https://t.co/bICaYKRCmt",-0.5994,0.0,0.813,0.187
72,BBC,Thu May 03 18:34:03 +0000 2018,"ü•Ñ‚ù§Ô∏èÔ∏èüè† @ClaudiaWinkle hosts as Mary Berry, @DanDoherty_ and @Chris_Bavin put ten of the nation's best home cooks thr‚Ä¶ https://t.co/fhPRqFbtEX",0.6369,0.189,0.811,0.0
73,BBC,Thu May 03 18:01:10 +0000 2018,You're never too old to do something crazy... EVEN AT 81! https://t.co/CE5V6nws6n,0.0,0.0,1.0,0.0
74,BBC,Thu May 03 17:01:04 +0000 2018,üå∏üå¥@KewGardens is the largest remaining glasshouse from the Victorian era...but it's more than just a place to keep‚Ä¶ https://t.co/CWGllHGJqo,0.0,0.0,1.0,0.0
75,BBC,Thu May 03 16:01:06 +0000 2018,"üìö There‚Äôs no place like gnome for tonight‚Äôs @CbeebiesHQ #BedtimeStory with Sir @EltonOfficial! 
 https://t.co/K5V1BFGEdf",0.1511,0.175,0.688,0.138
76,BBC,Thu May 03 15:12:08 +0000 2018,"RT @AboutTheBBC: High praise for ‚≠ê‚≠ê‚≠ê‚≠ê‚≠ê My Dad, the Peace Deal and Me @PatricKielty @BBCOne you have 2 days left to catch it @BBCiPlayer - h‚Ä¶",0.7964,0.244,0.756,0.0
77,BBC,Thu May 03 13:04:01 +0000 2018,üöÜ The incredible story of how London dug the #VictoriaLine. https://t.co/V4emAUsrVP,0.0,0.0,1.0,0.0
78,BBC,Thu May 03 12:32:57 +0000 2018,RT @BBCr4today: Kew Gardens is currently finding and researching species of plants that can help restore land when the climate changes. @Si‚Ä¶,0.5994,0.197,0.803,0.0
79,BBC,Thu May 03 12:31:50 +0000 2018,RT @BBCTwo: Would you swipe right for Ed? üòçüöúüíö #LoveInTheCountryside @sarajcox https://t.co/LhmVJF463S,0.0,0.0,1.0,0.0
80,BBC,Thu May 03 12:07:40 +0000 2018,"RT @bbcworldservice: Once condemned as witch doctors, traditional healers are now joining forces with medics in South Africa to help fight‚Ä¶",-0.4019,0.103,0.69,0.207
81,BBC,Thu May 03 12:02:28 +0000 2018,RT @BBCNewsround: The UK's first heart transplant was carried out 50 years ago! ‚ù§Ô∏è Find out more here üëâhttps://t.co/L8P2Pzw5fa https://t.co‚Ä¶,0.0,0.0,1.0,0.0
82,BBC,Thu May 03 12:02:20 +0000 2018,"RT @bbcideas: Meet the unsung heroine of early animation üòç

More unsung heroines: https://t.co/B4DBsLSOU2 https://t.co/JW9myCTeZb",0.7769,0.361,0.639,0.0
83,BBC,Thu May 03 12:02:13 +0000 2018,"RT @bbcpress: ‚òÄ The sun's (sort-of) out and it's time for @BBCTwo to show off its #ComedyShorts! Four new specials from @SaraPascoe, @TimKe‚Ä¶",0.0,0.0,1.0,0.0
84,BBC,Thu May 03 12:00:18 +0000 2018,"üíï This is adorable.

These children are so excited about the #RoyalWedding, they've created the love story of when‚Ä¶ https://t.co/PPWMz5pBky",0.9103,0.455,0.545,0.0
85,BBC,Thu May 03 11:33:51 +0000 2018,RT @bbccomedy: Tony Blur vs Oasis  #CunkonBritain https://t.co/s0XsciaUPz,0.0,0.0,1.0,0.0
86,BBC,Thu May 03 11:00:01 +0000 2018,"'When you reclaim the word fat, it takes the power away.' https://t.co/Wquds5gXH1",0.0,0.0,1.0,0.0
87,BBC,Thu May 03 10:49:34 +0000 2018,"RT @bbc5live: ""It's not all doom and gloom - it's about celebrating life""

Paul was told he had  incurable cancer in 2016 - this is his dia‚Ä¶",-0.4664,0.17,0.601,0.229
88,BBC,Thu May 03 10:03:03 +0000 2018,"RT @BBCR1: Can't wait to see @LiamPayne at #BiggestWeekend in Swansea?

How about a Live Lounge next Thursday to tide you over...? üòè

This‚Ä¶",0.0,0.0,1.0,0.0
89,BBC,Thu May 03 09:22:25 +0000 2018,RT @BBCTwo: CONFIRMED: Donald Glover‚Äôs acclaimed comedy-drama #Atlanta starts Sunday 13 May on @BBCTwo. https://t.co/cqMJcvqMLC,0.0,0.0,1.0,0.0
90,BBC,Thu May 03 08:49:53 +0000 2018,RT @bbceurovision: Making us proud. @surieofficial has recorded a sign language version of Storm. üëâhttps://t.co/MfXKZEQSPJ https://t.co/Kdd‚Ä¶,0.4767,0.181,0.819,0.0
91,BBC,Thu May 03 08:47:48 +0000 2018,RT @bbcworldservice: What's the best way to get rid of food waste? A former pharmaceutical company employee in China has come up with an in‚Ä¶,0.34,0.145,0.759,0.097
92,BBC,Thu May 03 08:00:14 +0000 2018,üëè This 17-year-old Tanzanian schoolboy has been making house bricks from waste plastic. https://t.co/Mfe4FGUTgY,-0.4215,0.0,0.811,0.189
93,BBC,Thu May 03 07:26:02 +0000 2018,"üïØ Linda Geddes decided to live for weeks in only candlelight.

üò¥ Along the way, she discovered simple things that e‚Ä¶ https://t.co/zaVSblsE5i",0.0,0.0,1.0,0.0
94,BBC,Thu May 03 07:04:05 +0000 2018,Medical supplies are now only a text message away. And doctors are using drones to deliver them! https://t.co/e6odyQp7MK,0.0,0.0,1.0,0.0
95,BBC,Wed May 02 19:02:03 +0000 2018,Eight rural singles from across the UK enlist the help of farmer's daughter @sarajcox as they take the bull by the‚Ä¶ https://t.co/RcPopuypXN,0.4019,0.114,0.886,0.0
96,BBC,Wed May 02 18:02:04 +0000 2018,"Don't like plastic straws? 
üëçüçù Here's a solution you'd never have thought of... https://t.co/79fOaOmak3",0.049,0.149,0.714,0.137
97,BBC,Wed May 02 17:01:07 +0000 2018,"A vegan diet doesn't mean giving up on your favourite comfort foods. 

These cosy comforts are just like the real t‚Ä¶ https://t.co/QnWNKI87cm",0.7239,0.298,0.626,0.075
98,BBC,Wed May 02 17:01:04 +0000 2018,"üòÇ There are so many unexpected ways your wedding day can go wrong. 
Chris from Wales describes his Best Man wedding‚Ä¶ https://t.co/by9CPQDoxN",0.2732,0.16,0.722,0.118
99,BBC,Wed May 02 16:03:01 +0000 2018,"üëèüèÉ Rob's finished his 15,000 mile run across America, Forrest Gump style... https://t.co/rdUz8yjzdv",0.0,0.0,1.0,0.0
100,CBS,Fri May 04 21:00:00 +0000 2018,Spend your Friday night with this dynamic duo! Tune in to the season finale of @MacGyverCBS at 8/7c on CBS and CBS‚Ä¶ https://t.co/AfWUVo4GSu,0.5093,0.13,0.87,0.0
101,CBS,Fri May 04 18:42:12 +0000 2018,RT @undercover_cbs: Get ready for the series premiere of #CelebrityBoss in just seven days! How would you react if your favorite celebrity‚Ä¶,0.6996,0.225,0.775,0.0
102,CBS,Fri May 04 14:48:42 +0000 2018,The force is strong on the set of @bigbangtheory! #MayThe4thBeWithYou https://t.co/uYyXKtuVCM,0.5562,0.264,0.736,0.0
103,CBS,Wed May 02 19:04:01 +0000 2018,RT @thegoodfight: The fight's not over yet. #TheGoodFight is renewed for Season 3. https://t.co/gUrDeA5KQP,0.0,0.0,1.0,0.0
104,CBS,Tue May 01 23:10:50 +0000 2018,RT @TKOCBS: Both @hwventure and @janemun have been named Executive Producers and showrunners of #TKO: TOTAL KNOCK OUT! Learn more about the‚Ä¶,0.0,0.0,1.0,0.0
105,CBS,Tue May 01 17:58:51 +0000 2018,"RT @StrangeAngel: Sex. Magick. Rocket Science. #StrangeAngel launches June 14, only on CBS All Access. https://t.co/I3sqWMASxl https://t.co‚Ä¶",0.0,0.0,1.0,0.0
106,CBS,Tue May 01 15:16:28 +0000 2018,"Broadway's Biggest Night will honor the best in theatre on Sunday, June 10! Here are the nominees for the‚Ä¶ https://t.co/tCiNaLGIvq",0.8268,0.299,0.701,0.0
107,CBS,Mon Apr 30 22:54:18 +0000 2018,We congratulate all of our CBS #DaytimeEmmy Award winners! Check out the stars who joined @TheTalkCBS hosts to cele‚Ä¶ https://t.co/JfUFINmYGH,0.8777,0.373,0.627,0.0
108,CBS,Mon Apr 30 13:28:01 +0000 2018,RT @KevinJames: Getting the band back together @AdamSandler @chrisrock @MikeDelguidice1 @KevinCanWaitCBS #KevinCanWait https://t.co/Mo5EWck‚Ä¶,0.0,0.0,1.0,0.0
109,CBS,Mon Apr 30 02:22:08 +0000 2018,See all of the stunning fashion looks from the @CBSDaytime stars on the #DaytimeEmmys red carpet:‚Ä¶ https://t.co/iJN1ssGPvZ,0.3818,0.14,0.86,0.0
110,CBS,Sun Apr 29 15:30:00 +0000 2018,The 45th annual #DaytimeEmmys are here! Congratulations to all of the wonderful @CBSDaytime stars and shows nominat‚Ä¶ https://t.co/xZhDSYnxL6,0.8356,0.33,0.67,0.0
111,CBS,Thu Apr 26 23:40:24 +0000 2018,These stars are going undercover for #CelebrityBoss! Find out more about Celebrity @undercover_cbs premiering May 1‚Ä¶ https://t.co/Deyn76ADT9,0.0,0.0,1.0,0.0
112,CBS,Wed Apr 25 21:48:49 +0000 2018,"New courage. New hope. New season. 

Season 3 of @CodeBlackCBS premieres TONIGHT at 10/9c on CBS! https://t.co/rR8xUCKlzI",0.75,0.313,0.687,0.0
113,CBS,Wed Apr 25 18:09:50 +0000 2018,Celebrate #DNADay by letting your forensic flag fly and revisit some classic episodes of @CSI_CBS on CBS All Access‚Ä¶ https://t.co/YCbHDK2r4b,0.5719,0.163,0.837,0.0
114,CBS,Wed Apr 25 16:55:33 +0000 2018,"Get ready for big reveals, dramatic conclusions, and huge guest stars! Find out more about the 2017-2018 season fin‚Ä¶ https://t.co/xcBChnjEvH",0.6239,0.221,0.779,0.0
115,CBS,Mon Apr 23 21:03:22 +0000 2018,Who‚Äôs ready to see these moves? üï∫ Tune in to the @latelateshow‚Äôs Carpool Karaoke Primetime Special TONIGHT at 10/9c! https://t.co/gjrURqXaPN,0.6696,0.244,0.756,0.0
116,CBS,Sun Apr 22 16:00:03 +0000 2018,"The 53rd #ACMawards turned into one big party when @KeithUrban and @juliamichaels performed their upbeat single ""Co‚Ä¶ https://t.co/Q3Zj3EzuNs",0.4019,0.137,0.863,0.0
117,CBS,Fri Apr 20 22:00:01 +0000 2018,A blind date was all it took. Learn more about Meghan Markle and her road to royalty from the people who know her b‚Ä¶ https://t.co/fEAMUblPQ4,-0.4019,0.0,0.895,0.105
118,CBS,Fri Apr 20 17:34:37 +0000 2018,RT @carrieunderwood: ICYMI! Watch Carrie‚Äôs performance of #CryPretty from the #ACMawards below! -TeamCU https://t.co/T9I3ko2xFu,0.0,0.0,1.0,0.0
119,CBS,Thu Apr 19 20:00:00 +0000 2018,There's a new addition to the cast of the upcoming revival of Murphy Brown!  Learn more about Tyne Daly's character‚Ä¶ https://t.co/ijSXSLyDaR,0.0,0.0,1.0,0.0
120,CBS,Fri May 04 21:00:00 +0000 2018,Spend your Friday night with this dynamic duo! Tune in to the season finale of @MacGyverCBS at 8/7c on CBS and CBS‚Ä¶ https://t.co/AfWUVo4GSu,0.5093,0.13,0.87,0.0
121,CBS,Fri May 04 18:42:12 +0000 2018,RT @undercover_cbs: Get ready for the series premiere of #CelebrityBoss in just seven days! How would you react if your favorite celebrity‚Ä¶,0.6996,0.225,0.775,0.0
122,CBS,Fri May 04 14:48:42 +0000 2018,The force is strong on the set of @bigbangtheory! #MayThe4thBeWithYou https://t.co/uYyXKtuVCM,0.5562,0.264,0.736,0.0
123,CBS,Wed May 02 19:04:01 +0000 2018,RT @thegoodfight: The fight's not over yet. #TheGoodFight is renewed for Season 3. https://t.co/gUrDeA5KQP,0.0,0.0,1.0,0.0
124,CBS,Tue May 01 23:10:50 +0000 2018,RT @TKOCBS: Both @hwventure and @janemun have been named Executive Producers and showrunners of #TKO: TOTAL KNOCK OUT! Learn more about the‚Ä¶,0.0,0.0,1.0,0.0
125,CBS,Tue May 01 17:58:51 +0000 2018,"RT @StrangeAngel: Sex. Magick. Rocket Science. #StrangeAngel launches June 14, only on CBS All Access. https://t.co/I3sqWMASxl https://t.co‚Ä¶",0.0,0.0,1.0,0.0
126,CBS,Tue May 01 15:16:28 +0000 2018,"Broadway's Biggest Night will honor the best in theatre on Sunday, June 10! Here are the nominees for the‚Ä¶ https://t.co/tCiNaLGIvq",0.8268,0.299,0.701,0.0
127,CBS,Mon Apr 30 22:54:18 +0000 2018,We congratulate all of our CBS #DaytimeEmmy Award winners! Check out the stars who joined @TheTalkCBS hosts to cele‚Ä¶ https://t.co/JfUFINmYGH,0.8777,0.373,0.627,0.0
128,CBS,Mon Apr 30 13:28:01 +0000 2018,RT @KevinJames: Getting the band back together @AdamSandler @chrisrock @MikeDelguidice1 @KevinCanWaitCBS #KevinCanWait https://t.co/Mo5EWck‚Ä¶,0.0,0.0,1.0,0.0
129,CBS,Mon Apr 30 02:22:08 +0000 2018,See all of the stunning fashion looks from the @CBSDaytime stars on the #DaytimeEmmys red carpet:‚Ä¶ https://t.co/iJN1ssGPvZ,0.3818,0.14,0.86,0.0
130,CBS,Sun Apr 29 15:30:00 +0000 2018,The 45th annual #DaytimeEmmys are here! Congratulations to all of the wonderful @CBSDaytime stars and shows nominat‚Ä¶ https://t.co/xZhDSYnxL6,0.8356,0.33,0.67,0.0
131,CBS,Thu Apr 26 23:40:24 +0000 2018,These stars are going undercover for #CelebrityBoss! Find out more about Celebrity @undercover_cbs premiering May 1‚Ä¶ https://t.co/Deyn76ADT9,0.0,0.0,1.0,0.0
132,CBS,Wed Apr 25 21:48:49 +0000 2018,"New courage. New hope. New season. 

Season 3 of @CodeBlackCBS premieres TONIGHT at 10/9c on CBS! https://t.co/rR8xUCKlzI",0.75,0.313,0.687,0.0
133,CBS,Wed Apr 25 18:09:50 +0000 2018,Celebrate #DNADay by letting your forensic flag fly and revisit some classic episodes of @CSI_CBS on CBS All Access‚Ä¶ https://t.co/YCbHDK2r4b,0.5719,0.163,0.837,0.0
134,CBS,Wed Apr 25 16:55:33 +0000 2018,"Get ready for big reveals, dramatic conclusions, and huge guest stars! Find out more about the 2017-2018 season fin‚Ä¶ https://t.co/xcBChnjEvH",0.6239,0.221,0.779,0.0
135,CBS,Mon Apr 23 21:03:22 +0000 2018,Who‚Äôs ready to see these moves? üï∫ Tune in to the @latelateshow‚Äôs Carpool Karaoke Primetime Special TONIGHT at 10/9c! https://t.co/gjrURqXaPN,0.6696,0.244,0.756,0.0
136,CBS,Sun Apr 22 16:00:03 +0000 2018,"The 53rd #ACMawards turned into one big party when @KeithUrban and @juliamichaels performed their upbeat single ""Co‚Ä¶ https://t.co/Q3Zj3EzuNs",0.4019,0.137,0.863,0.0
137,CBS,Fri Apr 20 22:00:01 +0000 2018,A blind date was all it took. Learn more about Meghan Markle and her road to royalty from the people who know her b‚Ä¶ https://t.co/fEAMUblPQ4,-0.4019,0.0,0.895,0.105
138,CBS,Fri Apr 20 17:34:37 +0000 2018,RT @carrieunderwood: ICYMI! Watch Carrie‚Äôs performance of #CryPretty from the #ACMawards below! -TeamCU https://t.co/T9I3ko2xFu,0.0,0.0,1.0,0.0
139,CBS,Thu Apr 19 20:00:00 +0000 2018,There's a new addition to the cast of the upcoming revival of Murphy Brown!  Learn more about Tyne Daly's character‚Ä¶ https://t.co/ijSXSLyDaR,0.0,0.0,1.0,0.0
140,CBS,Thu Apr 19 19:00:02 +0000 2018,"Country superstar @LukeBryanOnline delivers his moving anthem ""Most People Are Good"" at the 53rd #ACMawards:‚Ä¶ https://t.co/GhhAsEDqmq",0.4877,0.174,0.826,0.0
141,CBS,Thu Apr 19 17:08:44 +0000 2018,"Coming to CBS All Access June 14, #StrangeAngel is inspired by the real life story of Jack Parsons and explores the‚Ä¶ https://t.co/IsPrXRNXye",0.4939,0.132,0.868,0.0
142,CBS,Wed Apr 18 21:00:01 +0000 2018,When you realize there are TWO episodes of @CrimMinds_CBS tonight! üëè Who‚Äôs ready for the double-episode season fina‚Ä¶ https://t.co/CWVAHHeIGr,0.4199,0.141,0.859,0.0
143,CBS,Wed Apr 18 18:57:45 +0000 2018,Giving you even more reasons to celebrate! üéâ See which CBS series are back for another year: https://t.co/O2LI0eJXTA https://t.co/H436kL1jSK,0.7688,0.294,0.706,0.0
144,CBS,Wed Apr 18 17:00:03 +0000 2018,"Watch country star @blakeshelton belt out his beautiful ballad ""I Lived It"" at the 53rd #AMCawards:‚Ä¶ https://t.co/w0WRmpQ6fk",0.5994,0.196,0.804,0.0
145,CBS,Wed Apr 18 15:14:39 +0000 2018,RT @joshgroban: I AM SO HAPPY I COULD CRY BUT ITS MIDNIGHT IN JAPAN SO I WILL SLEEP BUT ‚ÄºÔ∏è‚ÄºÔ∏è‚ÄºÔ∏è‚ÄºÔ∏èüë´üèÜüé≠üò≠üîú #TonyAwards2018 https://t.co/NLss47K6‚Ä¶,0.0903,0.14,0.736,0.125
146,CBS,Wed Apr 18 15:10:34 +0000 2018,Broadway stars @SaraBareilles and @joshgroban will host @TheTonyAwards on June 10! Hear how these multi-talented ar‚Ä¶ https://t.co/jy52FKd7t0,0.0,0.0,1.0,0.0
147,CBS,Tue Apr 17 00:26:33 +0000 2018,Can you believe it‚Äôs been 11 years since @taylorswift13‚Äôs first-ever performance at the #ACMawards?! Look back at t‚Ä¶ https://t.co/QHSPuJLLFb,0.0,0.0,1.0,0.0
148,CBS,Mon Apr 16 23:00:02 +0000 2018,Waiting for the @ScorpionCBS season finale to start like‚Ä¶ Tune in at 10/9c! https://t.co/peoDXtO707,0.0,0.0,1.0,0.0
149,CBS,Mon Apr 16 17:00:04 +0000 2018,Cast your vote! #ACMawards https://t.co/57ZN5gr6Y1,0.0,0.0,1.0,0.0
150,CBS,Mon Apr 16 16:02:49 +0000 2018,RT @CBSTweet: #CBSRatingsNews: #ACMawards Dominate on #CBS.  Over 12 million Total Viewers.  +11% year to year increase!  Biggest audience‚Ä¶,0.2714,0.123,0.806,0.071
151,CBS,Mon Apr 16 15:00:02 +0000 2018,"In case you missed it, watch the entire #ACMawards now: https://t.co/P3pgMJE2oh https://t.co/OOG2R0Mb4J",-0.296,0.0,0.833,0.167
152,CBS,Mon Apr 16 06:11:41 +0000 2018,Relive a night of all-star country music performances and epic wins at the #ACMawards. Stream the entire show:‚Ä¶ https://t.co/iA3SMVIhpA,0.5719,0.179,0.821,0.0
153,CBS,Mon Apr 16 06:00:00 +0000 2018,Multiple ACM Award Winners @KeithUrban and @carrieunderwood just added one more trophy to their collection with the‚Ä¶ https://t.co/rMGCzOeJQK,0.765,0.292,0.708,0.0
154,CBS,Mon Apr 16 05:55:00 +0000 2018,That's a wrap for the 53rd #ACMawards! üé¨ https://t.co/jM0HKud3d6,0.0,0.0,1.0,0.0
155,CBS,Mon Apr 16 05:30:00 +0000 2018,"To all of tonight's nominees, we tip our hats to you! ü§† #ACMawards https://t.co/eytEezfIgS",0.0,0.0,1.0,0.0
156,CBS,Mon Apr 16 05:00:00 +0000 2018,Retweet if you think @carrieunderwood looks beautiful tonight! #ACMawards https://t.co/sqefiLBcXd,0.636,0.318,0.682,0.0
157,CBS,Mon Apr 16 05:00:00 +0000 2018,"In case you missed any, here's a rundown of all the performers from Country Music's Party of the Year¬Æ:‚Ä¶ https://t.co/KtRKXkUpmI",0.128,0.123,0.776,0.1
158,CBS,Mon Apr 16 03:56:42 +0000 2018,The #ACMawards crowd was roaring for Vocal Event Of The Year winners @KeithUrban and @carrieunderwood! Here is the‚Ä¶ https://t.co/rFB5f2lVo7,0.5255,0.159,0.841,0.0
159,CBS,Mon Apr 16 03:06:10 +0000 2018,RT @AmberLee_RN: Anyone else crying from that @Jason_Aldean acceptance speech?! Wow! Congrats Jason! #vegasstrong #ACMawards,0.8392,0.44,0.437,0.123
160,CBS,Mon Apr 16 03:02:50 +0000 2018,"Put your hands up for Entertainer of the Year, @Jason_Aldean! üôå #ACMawards https://t.co/QLFrrsyU8R",0.4389,0.208,0.792,0.0
161,CBS,Mon Apr 16 03:00:10 +0000 2018,RT @min_d24: Love how @LukeBryanOnline was straight fan girling on @reba and @kelly_clarkson tonight on the #ACMawards! Y'all #killedit,0.8268,0.352,0.648,0.0
162,CBS,Mon Apr 16 02:58:55 +0000 2018,"Was that ""A-sharp"" performance by @reba and @kelly_clarkson or what!? üéº #ACMawards https://t.co/19pDyrELqC",0.0,0.0,1.0,0.0
163,CBS,Mon Apr 16 02:57:41 +0000 2018,The news keeps getting better and better. @ChrisStapleton deserves a standing ovation tonight! He wins again for Ma‚Ä¶ https://t.co/6m7nZFwPyK,0.8687,0.395,0.605,0.0
164,CBS,Mon Apr 16 02:35:58 +0000 2018,RT @MattBoveHS: Most People Are Good is such a powerful song #ACMawards @LukeBryanOnline,0.7152,0.374,0.626,0.0
165,CBS,Mon Apr 16 02:26:16 +0000 2018,We have our #ACMawards Female Vocalist of the Year: @mirandalambert! üëè https://t.co/Xu7WPuv1f2,0.0,0.0,1.0,0.0
166,CBS,Mon Apr 16 02:22:40 +0000 2018,"Without this talented group of women, @mirandalambert @reba @MarenMorris @KelseaBallerini and @carrieunderwood, lif‚Ä¶ https://t.co/Zwqh2PAdM1",0.5106,0.202,0.798,0.0
167,CBS,Mon Apr 16 02:12:19 +0000 2018,RT @ElizabethGilbe3: @carrieunderwood never disappoints! What an amazing voice and beautiful soul! #ACMawards #girlcrush,0.8877,0.488,0.512,0.0
168,CBS,Mon Apr 16 02:10:19 +0000 2018,RT @SarahJPrimo: I could listen to Dan and Shay all day  #ACMawards,0.0,0.0,1.0,0.0
169,CBS,Mon Apr 16 02:10:11 +0000 2018,RT @MegsMouthful: @carrieunderwood Just WOW. Can‚Äôt wait to hear more of your new music! #ACMawards,0.7027,0.256,0.744,0.0
170,CBS,Mon Apr 16 02:10:09 +0000 2018,Hugs for @CarrieUnderwood and @KeithUrban's big win for Vocal Event of the Year! #ACMawards https://t.co/nn2XJ6nCSi,0.807,0.359,0.641,0.0
171,CBS,Mon Apr 16 02:04:45 +0000 2018,Always be yourself. Unless you can be @carrieunderwood. Then be Carrie Underwood! #ACMawards #CryPretty https://t.co/32n0QJ1FLD,0.0,0.0,1.0,0.0
172,CBS,Mon Apr 16 02:02:19 +0000 2018,"RT @VeldmanKylie: Carrie Underwood gives me chills everytime she performs, she always kills it üî•‚ù§ #ACMawards",-0.5423,0.0,0.811,0.189
173,CBS,Mon Apr 16 01:47:20 +0000 2018,Hands up for @littlebigtown at the #ACMawardsüôå https://t.co/o8YFtpGLfK,0.0,0.0,1.0,0.0
174,CBS,Mon Apr 16 01:47:01 +0000 2018,RT @reba: So good to see my friend Eve twice this week! @therealeve @acmawards #acmawards https://t.co/a6LxEaQt8L,0.7707,0.323,0.677,0.0
175,CBS,Mon Apr 16 01:46:34 +0000 2018,See all the amazing red carpet looks from the 53rd #ACMawards: https://t.co/ZeZiMXphFK https://t.co/Gi79cuuVPm,0.5859,0.241,0.759,0.0
176,CBS,Mon Apr 16 01:41:44 +0000 2018,RT @maddymika_: the ACM awards are the BEST night of the year üòçüòçüòç‚ù£Ô∏è‚ù£Ô∏è‚ù£Ô∏è #ACMAwards,0.8374,0.398,0.602,0.0
177,CBS,Mon Apr 16 01:40:16 +0000 2018,üö® Sound the alarm because @mirandalambert is on FIRE üî• at the #ACMawards! https://t.co/11vshBs4EV,-0.7027,0.0,0.632,0.368
178,CBS,Mon Apr 16 01:36:25 +0000 2018,RT @Skylar_Jean: @mirandalambert can do NO wrong. She is perfection. #ACMawards,-0.3254,0.209,0.451,0.34
179,CBS,Mon Apr 16 01:36:19 +0000 2018,RT @EmilyyBruorton: @mirandalambert is my all time favorite üî•#ACMAwards #keeperoftheflame #thebest,0.4588,0.231,0.769,0.0
180,CBS,Mon Apr 16 01:34:44 +0000 2018,Hats off to @Jason_Aldean! ü§† #ACMawards https://t.co/1WSjnafKoX,0.0,0.0,1.0,0.0
181,CBS,Mon Apr 16 01:33:02 +0000 2018,RT @alyssaa711: Country music just brings so much joy to my heart ‚ù§Ô∏è #ACMawards,0.6222,0.239,0.761,0.0
182,CBS,Mon Apr 16 01:32:27 +0000 2018,"She may hate love songs, but @KelseaBallerini knows how to write a great one. üíï Give her a round of applause for th‚Ä¶ https://t.co/r50viWNM0Z",0.891,0.382,0.543,0.075
183,CBS,Mon Apr 16 01:29:12 +0000 2018,The feeling when you win Vocal Group of the Year at the #ACMawards üéâ Congratulations to @OldDominion! https://t.co/4SjYLtwLXy,0.8588,0.404,0.596,0.0
184,CBS,Mon Apr 16 01:25:58 +0000 2018,RT @LouisianaNashie: Way to go Old Dominion #acmawards,0.0,0.0,1.0,0.0
185,CBS,Mon Apr 16 01:24:45 +0000 2018,There's nothing in the world like that performance by @KeithUrban and @juliamichaels. Nicole Kidman agrees!‚Ä¶ https://t.co/VlwVUkNZCi,0.4199,0.157,0.843,0.0
186,CBS,Mon Apr 16 01:23:22 +0000 2018,RT @AbigailRamage: @reba is slaying the game! Loving her outfits and her puns. She is absolutely stunning!! My all time fave ‚ù§Ô∏è‚ù§Ô∏è #ACMAwards,0.8902,0.346,0.654,0.0
187,CBS,Mon Apr 16 01:19:11 +0000 2018,"First-ever #ACMAwards winner @BrettYoungMusic stuns the crowd with an incredible performance of his hit, ""In Case Y‚Ä¶ https://t.co/ftoksP7HrZ",0.5994,0.234,0.766,0.0
188,CBS,Mon Apr 16 01:09:49 +0000 2018,RT @tiffstarr16: ACM awards are my favorite time of the yearüòç #ACMawards,0.7184,0.375,0.625,0.0
189,CBS,Mon Apr 16 01:08:07 +0000 2018,RT @adelleborchetta: Loooove this song!!! @kanebrown and @Lauren_Alaina #WhatIfs #ACMAwards üòç‚ù§Ô∏èüéâ,0.0,0.0,1.0,0.0
190,CBS,Mon Apr 16 01:07:45 +0000 2018,RT @kel_lee213: That Kane Brown performance üòçü§©üëè #kanebrown #whatif #ACMawards #country,0.0,0.0,1.0,0.0
191,CBS,Mon Apr 16 01:06:21 +0000 2018,"What if you were made for us, and we were made for you!? ‚ù§Ô∏è How much did you love @kanebrown and @Lauren_Alaina's d‚Ä¶ https://t.co/xiZQ5wgddc",0.6696,0.163,0.837,0.0
192,CBS,Mon Apr 16 01:04:17 +0000 2018,What a performance! @gwenstefani was all smiles when @blakeshelton was on stage. #ACMawards https://t.co/yxbA1DbieE,0.5255,0.22,0.78,0.0
193,CBS,Mon Apr 16 01:01:33 +0000 2018,RT @wendyjo3: #ACMawards loved that @blakeshelton performance!!,0.6688,0.428,0.572,0.0
194,CBS,Mon Apr 16 00:58:51 +0000 2018,"Making her first-ever appearance at the #ACMAwards, @BebeRexha performs her chart-topping collaboration with‚Ä¶ https://t.co/u1KXKrCbdD",0.0,0.0,1.0,0.0
195,CBS,Mon Apr 16 00:51:28 +0000 2018,This song by @ladyantebellum sounds like the single for the summer! üé∂ #ACMawards https://t.co/81aj1vqFYh,0.4199,0.189,0.811,0.0
196,CBS,Mon Apr 16 00:50:09 +0000 2018,RT @42nagirl: Lady Antebellum is perfection. #ACMawards,0.5719,0.381,0.619,0.0
197,CBS,Mon Apr 16 00:47:48 +0000 2018,"Hot off the presses! Congratulations on your win and your newborn twins, @ChrisStapleton ! #ACMawards https://t.co/4e9qhxMN69",0.8513,0.389,0.611,0.0
198,CBS,Mon Apr 16 00:35:51 +0000 2018,RT @_miracarrara: #ACMawards I am so happy ‚ÄúTin Man‚Äù won song of the year. amazingüòç@mirandalambert,0.857,0.413,0.587,0.0
199,CBS,Mon Apr 16 00:34:38 +0000 2018,RT @TheAmelieAnna: Yaaas! @mirandalambert congrats on #Tinman winning! #ACMAwards,0.8118,0.513,0.487,0.0
200,CNN,Mon May 07 09:00:11 +0000 2018,"Patriarchy is a social system that defines men as being inherently violent, dominant and controlling while rewardin‚Ä¶ https://t.co/17TgddA0ge",-0.5994,0.0,0.804,0.196
201,CNN,Mon May 07 08:45:02 +0000 2018,Sweden has opened the world's first public road that allows electric cars to recharge while driving‚Ä¶ https://t.co/tyFCIBybxr,0.0,0.0,1.0,0.0
202,CNN,Mon May 07 08:31:47 +0000 2018,"NFL running back Mike James is the first player in history to file a ""therapeutic use exemption"" for cannabis, seek‚Ä¶ https://t.co/S2IsVqEafB",0.0,0.0,1.0,0.0
203,CNN,Mon May 07 08:15:03 +0000 2018,It was his birthday *and* his last day before retirement. And then he won $1.5 million. https://t.co/GeM6yyPETV https://t.co/uMw4nAm4qS,0.5719,0.179,0.821,0.0
204,CNN,Mon May 07 08:10:05 +0000 2018,The rates of infection of an ancient virus are exceeding 40% among adults in remote regions of central Australia --‚Ä¶ https://t.co/cuRrjh1RJl,0.0,0.0,1.0,0.0
205,CNN,Mon May 07 08:00:10 +0000 2018,Former President Obama will deliver a high-profile address in July marking the 100th anniversary of Nelson Mandela'‚Ä¶ https://t.co/vbFVNHXcgb,0.0,0.0,1.0,0.0
206,CNN,Mon May 07 07:47:56 +0000 2018,"RT @cnni: At least 45 people were killed when armed bandits attacked a remote village in northwest Nigeria, officials said. https://t.co/HA‚Ä¶",-0.8176,0.0,0.706,0.294
207,CNN,Mon May 07 07:45:03 +0000 2018,"When a WWII veteran couldn't walk to his wife's grave, two volunteers carried him there
https://t.co/N9jV1T7S2R https://t.co/4SGQ6s91xS",-0.3818,0.0,0.852,0.148
208,CNN,Mon May 07 07:31:39 +0000 2018,These police officers wanted to help special needs students have fun at a Florida school prom -- so they attended a‚Ä¶ https://t.co/fMUyujjnDE,0.8271,0.326,0.674,0.0
209,CNN,Mon May 07 07:30:27 +0000 2018,"""Cannabis has given me a reason to live."" Patients turn to pot over pills as they fight opioid addiction with medic‚Ä¶ https://t.co/2JuuGad04y",-0.3818,0.0,0.885,0.115
210,CNN,Mon May 07 07:18:00 +0000 2018,"In a sleepy town in Tuscany, over 8,000 kilometers from Pyongyang, you can find one of the West's largest collectio‚Ä¶ https://t.co/IeW2U7RvaF",0.0,0.0,1.0,0.0
211,CNN,Mon May 07 07:15:03 +0000 2018,Oprah has made a killing on Weight Watchers stock https://t.co/7Cbkps87Jd https://t.co/0j0Z1OaQAj,-0.6597,0.0,0.672,0.328
212,CNN,Mon May 07 07:11:06 +0000 2018,"Nestle and Starbucks are teaming up to create a ""global coffee alliance."" https://t.co/dywiiD8Rka",0.2732,0.16,0.84,0.0
213,CNN,Mon May 07 07:00:12 +0000 2018,A white Arkansas man is facing up to 20 years in prison after being found guilty in the beating of an African-Ameri‚Ä¶ https://t.co/ZgyNxfXff9,-0.8442,0.0,0.676,0.324
214,CNN,Mon May 07 06:45:03 +0000 2018,The world's oldest spider has died a tragic death after she was violently attacked by a wasp https://t.co/ORZEEnhhdI,-0.9538,0.0,0.389,0.611
215,CNN,Mon May 07 06:30:05 +0000 2018,Oklahoma passed a bill that would let residents carry a gun without a permit. It's not the first state to do so.‚Ä¶ https://t.co/AYce6EIo4q,-0.34,0.0,0.888,0.112
216,CNN,Mon May 07 06:29:04 +0000 2018,Apple's meteoric rise to the most valuable company in America can practically be traced back to one day:‚Ä¶ https://t.co/T4zQCqGAX7,0.5256,0.159,0.841,0.0
217,CNN,Mon May 07 06:20:07 +0000 2018,Oil pops above $70 for first time since 2014 https://t.co/Iw0uSGhX5y https://t.co/3nno2TdV4Q,0.0,0.0,1.0,0.0
218,CNN,Mon May 07 06:15:03 +0000 2018,A Miami police officer has been relieved of duty after a video showed him kicking a suspect in the head‚Ä¶ https://t.co/DqSz0mWoTI,0.1027,0.125,0.769,0.106
219,CNN,Mon May 07 06:10:48 +0000 2018,Apple's game-changing iMac turns 20 years old https://t.co/sh30PbM02Z https://t.co/8Lrgar4l9T,0.0,0.0,1.0,0.0
220,CNN,Mon May 07 09:00:11 +0000 2018,"Patriarchy is a social system that defines men as being inherently violent, dominant and controlling while rewardin‚Ä¶ https://t.co/17TgddA0ge",-0.5994,0.0,0.804,0.196
221,CNN,Mon May 07 08:45:02 +0000 2018,Sweden has opened the world's first public road that allows electric cars to recharge while driving‚Ä¶ https://t.co/tyFCIBybxr,0.0,0.0,1.0,0.0
222,CNN,Mon May 07 08:31:47 +0000 2018,"NFL running back Mike James is the first player in history to file a ""therapeutic use exemption"" for cannabis, seek‚Ä¶ https://t.co/S2IsVqEafB",0.0,0.0,1.0,0.0
223,CNN,Mon May 07 08:15:03 +0000 2018,It was his birthday *and* his last day before retirement. And then he won $1.5 million. https://t.co/GeM6yyPETV https://t.co/uMw4nAm4qS,0.5719,0.179,0.821,0.0
224,CNN,Mon May 07 08:10:05 +0000 2018,The rates of infection of an ancient virus are exceeding 40% among adults in remote regions of central Australia --‚Ä¶ https://t.co/cuRrjh1RJl,0.0,0.0,1.0,0.0
225,CNN,Mon May 07 08:00:10 +0000 2018,Former President Obama will deliver a high-profile address in July marking the 100th anniversary of Nelson Mandela'‚Ä¶ https://t.co/vbFVNHXcgb,0.0,0.0,1.0,0.0
226,CNN,Mon May 07 07:47:56 +0000 2018,"RT @cnni: At least 45 people were killed when armed bandits attacked a remote village in northwest Nigeria, officials said. https://t.co/HA‚Ä¶",-0.8176,0.0,0.706,0.294
227,CNN,Mon May 07 07:45:03 +0000 2018,"When a WWII veteran couldn't walk to his wife's grave, two volunteers carried him there
https://t.co/N9jV1T7S2R https://t.co/4SGQ6s91xS",-0.3818,0.0,0.852,0.148
228,CNN,Mon May 07 07:31:39 +0000 2018,These police officers wanted to help special needs students have fun at a Florida school prom -- so they attended a‚Ä¶ https://t.co/fMUyujjnDE,0.8271,0.326,0.674,0.0
229,CNN,Mon May 07 07:30:27 +0000 2018,"""Cannabis has given me a reason to live."" Patients turn to pot over pills as they fight opioid addiction with medic‚Ä¶ https://t.co/2JuuGad04y",-0.3818,0.0,0.885,0.115
230,CNN,Mon May 07 07:18:00 +0000 2018,"In a sleepy town in Tuscany, over 8,000 kilometers from Pyongyang, you can find one of the West's largest collectio‚Ä¶ https://t.co/IeW2U7RvaF",0.0,0.0,1.0,0.0
231,CNN,Mon May 07 07:15:03 +0000 2018,Oprah has made a killing on Weight Watchers stock https://t.co/7Cbkps87Jd https://t.co/0j0Z1OaQAj,-0.6597,0.0,0.672,0.328
232,CNN,Mon May 07 07:11:06 +0000 2018,"Nestle and Starbucks are teaming up to create a ""global coffee alliance."" https://t.co/dywiiD8Rka",0.2732,0.16,0.84,0.0
233,CNN,Mon May 07 07:00:12 +0000 2018,A white Arkansas man is facing up to 20 years in prison after being found guilty in the beating of an African-Ameri‚Ä¶ https://t.co/ZgyNxfXff9,-0.8442,0.0,0.676,0.324
234,CNN,Mon May 07 06:45:03 +0000 2018,The world's oldest spider has died a tragic death after she was violently attacked by a wasp https://t.co/ORZEEnhhdI,-0.9538,0.0,0.389,0.611
235,CNN,Mon May 07 06:30:05 +0000 2018,Oklahoma passed a bill that would let residents carry a gun without a permit. It's not the first state to do so.‚Ä¶ https://t.co/AYce6EIo4q,-0.34,0.0,0.888,0.112
236,CNN,Mon May 07 06:29:04 +0000 2018,Apple's meteoric rise to the most valuable company in America can practically be traced back to one day:‚Ä¶ https://t.co/T4zQCqGAX7,0.5256,0.159,0.841,0.0
237,CNN,Mon May 07 06:20:07 +0000 2018,Oil pops above $70 for first time since 2014 https://t.co/Iw0uSGhX5y https://t.co/3nno2TdV4Q,0.0,0.0,1.0,0.0
238,CNN,Mon May 07 06:15:03 +0000 2018,A Miami police officer has been relieved of duty after a video showed him kicking a suspect in the head‚Ä¶ https://t.co/DqSz0mWoTI,0.1027,0.125,0.769,0.106
239,CNN,Mon May 07 06:10:48 +0000 2018,Apple's game-changing iMac turns 20 years old https://t.co/sh30PbM02Z https://t.co/8Lrgar4l9T,0.0,0.0,1.0,0.0
240,CNN,Mon May 07 06:00:07 +0000 2018,"Hosts of a Detroit radio station say they'll no longer play Kanye West's songs, saying they've had enough https://t.co/MkUH6mqA0c",0.0516,0.117,0.777,0.107
241,CNN,Mon May 07 05:58:37 +0000 2018,"""What is going on in our heads where we let that happen. So I do wonder what are young girls dreaming about, if we'‚Ä¶ https://t.co/gGVwsJXNb8",0.0,0.0,1.0,0.0
242,CNN,Mon May 07 05:45:07 +0000 2018,"Plastic straws, drink stirrers and cotton swabs could be banned in England under plans proposed by the UK governmen‚Ä¶ https://t.co/uWyDhaQyf2",-0.4588,0.0,0.864,0.136
243,CNN,Mon May 07 05:30:10 +0000 2018,The $2 billion food startup you've never heard of https://t.co/rydSG9sEg7 https://t.co/KPVY2Au91H,0.0,0.0,1.0,0.0
244,CNN,Mon May 07 05:15:05 +0000 2018,Florida deputies' union targets Broward County sheriff with billboard https://t.co/NSorfHl9qc https://t.co/sQjo7qaUzn,0.0,0.0,1.0,0.0
245,CNN,Mon May 07 05:00:07 +0000 2018,"Twitter wants you to change your password. It's a good idea. Here's how to do it.
https://t.co/t2GxhIMIcF https://t.co/Zvsx6giBg7",0.4404,0.153,0.847,0.0
246,CNN,Mon May 07 04:45:03 +0000 2018,French museum discovers more than half of its paintings are fakes https://t.co/svw4vbNwFa https://t.co/WE7qQQV0DM,-0.4215,0.0,0.811,0.189
247,CNN,Mon May 07 04:30:11 +0000 2018,Oprah has made a killing on Weight Watchers stock https://t.co/n2Prw2Ju1H https://t.co/8KDR4W8pL2,-0.6597,0.0,0.672,0.328
248,CNN,Mon May 07 04:15:03 +0000 2018,Pollen is costing Japan nearly $2 billion a year https://t.co/Pv0YhUXTqc https://t.co/ogesDHRteE,0.0,0.0,1.0,0.0
249,CNN,Mon May 07 04:00:11 +0000 2018,"""There's no evidence whatsoever that the money's been massively poured back into the American worker"": Marco Rubio‚Ä¶ https://t.co/Use50A1F7k",-0.296,0.0,0.885,0.115
250,CNN,Mon May 07 03:45:06 +0000 2018,"Gibson, the iconic American guitar manufacturer, has filed for bankruptcy https://t.co/z0sDAu4J9f https://t.co/Go4Dd9SeNt",0.0,0.0,1.0,0.0
251,CNN,Mon May 07 03:30:03 +0000 2018,"The Academy of Motion Pictures Arts and Sciences, the group behind the Academy Awards, has voted to expel actor Bil‚Ä¶ https://t.co/qaPns3PQCE",0.0258,0.12,0.763,0.116
252,CNN,Mon May 07 03:15:05 +0000 2018,$3 gas is coming to a station near you https://t.co/ySTd0rhzdk https://t.co/DNNFFSt8El,0.0,0.0,1.0,0.0
253,CNN,Mon May 07 03:00:18 +0000 2018,All new cars and SUVs sold in the US must now have backup cameras https://t.co/E1JADRA1OF https://t.co/5neED0JsJX,0.0,0.0,1.0,0.0
254,CNN,Mon May 07 02:45:04 +0000 2018,"In a sign of the rapprochement, North and South Korean just got their time zones in sync https://t.co/7JaM6E6NnZ https://t.co/bFwBjDBdJZ",0.0,0.0,1.0,0.0
255,CNN,Mon May 07 02:30:23 +0000 2018,They‚Äôre Olympians and comics. Writers and politicians. Meet 25 influential Muslims who are changing America.‚Ä¶ https://t.co/uqBLpiFaY9,0.4404,0.162,0.838,0.0
256,CNN,Mon May 07 02:15:04 +0000 2018,Warren Buffett's company has bought about 75 million shares of Apple stock https://t.co/8jG7YW3N3e,0.296,0.155,0.845,0.0
257,CNN,Mon May 07 02:00:15 +0000 2018,"While on patrol, border agents saw three people attempting to enter the Unites States illegally. The men dropped a‚Ä¶ https://t.co/BH2efTsWNR",0.0,0.0,1.0,0.0
258,CNN,Mon May 07 01:45:06 +0000 2018,"The Academy of Motion Pictures Arts and Sciences, the group behind the Academy Awards, has voted to expel actor Bil‚Ä¶ https://t.co/pkUfzFWMlN",0.0258,0.12,0.763,0.116
259,CNN,Mon May 07 01:30:05 +0000 2018,"The US can't keep up with demand for health aides, nurses and doctors https://t.co/V6JLiIXwmP https://t.co/vuNLSIr6OI",-0.128,0.0,0.903,0.097
260,CNN,Mon May 07 01:15:04 +0000 2018,A CNN investigation has found that child labor is still being used to mine cobalt at some operations in the Democra‚Ä¶ https://t.co/r48pE35aQR,0.0,0.0,1.0,0.0
261,CNN,Mon May 07 01:00:12 +0000 2018,"How President Trump gets his daily dose of secrets, minus new Secretary of State Mike Pompeo https://t.co/bmsb5kWSfd https://t.co/1O8uHDUSw7",0.0,0.0,1.0,0.0
262,CNN,Mon May 07 00:45:09 +0000 2018,"Trump lawyer Rudy Giuliani says he's ""focused on the law more than the facts right now"" https://t.co/A7C74otiav https://t.co/JHnlQdT6Gn",0.3818,0.133,0.867,0.0
263,CNN,Mon May 07 00:30:02 +0000 2018,We asked how Trump's tax cuts were affecting @CNNMoney readers. Here's how hundreds of them responded:‚Ä¶ https://t.co/jwOPWSZbJP,-0.296,0.0,0.879,0.121
264,CNN,Mon May 07 00:15:03 +0000 2018,"How former CBS News host Charlie Rose could make a comeback, according to one of his accusers‚Ä¶ https://t.co/MQ9pS9fE7k",0.0,0.0,1.0,0.0
265,CNN,Mon May 07 00:00:10 +0000 2018,"President Trump ‚Äî don't fall for North Korea's trap, writes Samantha Vinograd for @CNNOpinion‚Ä¶ https://t.co/Yk2lXzclCm",-0.3182,0.0,0.85,0.15
266,CNN,Sun May 06 23:45:08 +0000 2018,Malaysia's Najib Razak is in a fight for his political life https://t.co/i6ThCZanZ2 https://t.co/9k82PO1qqW,-0.3818,0.0,0.809,0.191
267,CNN,Sun May 06 23:30:09 +0000 2018,War reporter talks about burying photojournalist friend https://t.co/rhOXixIqhU https://t.co/Gma6OoMTLU,-0.1779,0.227,0.496,0.277
268,CNN,Sun May 06 23:15:05 +0000 2018,"As the ground opened, a teary Hawaii resident bid his home a final farewell https://t.co/DJXn9pyoMD https://t.co/1Qhlfr189v",0.0,0.0,1.0,0.0
269,CNN,Sun May 06 23:00:09 +0000 2018,"If President Trump wants to end Stormy Daniels scandal, he should follow the adult film star's advice or tell the t‚Ä¶ https://t.co/6AX4GlIZ3e",-0.4404,0.0,0.879,0.121
270,CNN,Sun May 06 22:45:08 +0000 2018,Iraqi air force targets ISIS in Syria https://t.co/tg2APM0oX0 https://t.co/pdKFKIW92H,0.0,0.0,1.0,0.0
271,CNN,Sun May 06 22:30:13 +0000 2018,Trump lawyer Rudy Giuliani said the President knew about a payoff to adult film actress Stormy Daniels and called J‚Ä¶ https://t.co/Ocho9gMyvN,0.0,0.0,1.0,0.0
272,CNN,Sun May 06 22:15:05 +0000 2018,Russian opposition leader Alexei Navalny has been released from police custody a day after hundreds of people were‚Ä¶ https://t.co/BsnHIjG54o,0.0,0.0,1.0,0.0
273,CNN,Sun May 06 22:00:04 +0000 2018,"Rudy Giuliani, one of President Trump's attorneys in the Russia probe, left open the possibility that Michael Cohen‚Ä¶ https://t.co/K4IDa4HYVG",0.0,0.0,1.0,0.0
274,CNN,Sun May 06 21:45:05 +0000 2018,"Gina Haspel sought to withdraw nomination to be CIA director, The Washington Post reports https://t.co/WSuQRLnjfF https://t.co/1qdABUB8dw",0.0,0.0,1.0,0.0
275,CNN,Sun May 06 21:30:09 +0000 2018,A Clinton-era White House press secretary says Sarah Sanders should quit if President Trump lies again‚Ä¶ https://t.co/XCNl5gVweS,-0.4215,0.0,0.843,0.157
276,CNN,Sun May 06 21:15:07 +0000 2018,"Photos of Prince Louis, Princess Charlotte shared by their mother https://t.co/E7Wu2mrXj5 https://t.co/ArydijI7hm",0.34,0.179,0.821,0.0
277,CNN,Sun May 06 21:00:04 +0000 2018,"Hawaii residents on Big Island under threat of lava, earthquakes and gas https://t.co/rEKjSXIj4D https://t.co/45p5jypDOQ",-0.5267,0.0,0.793,0.207
278,CNN,Sun May 06 20:45:07 +0000 2018,President Trump angers France and Britain with his NRA speech https://t.co/Vbrg6CkusM https://t.co/DEALwr1Kyl,-0.5106,0.0,0.769,0.231
279,CNN,Sun May 06 20:30:13 +0000 2018,"Elon Musk is ""super, super serious"" about starting a candy company https://t.co/dMwGEGq0Lh https://t.co/QFpvkrJUlm",0.5574,0.257,0.658,0.086
280,CNN,Sun May 06 20:15:06 +0000 2018,"US is waking up to the deadly threat of cyber war, David A. Andelman writes for @CNNOpinion https://t.co/gt78OOAU7K https://t.co/YFKjQ1m0HP",-0.8074,0.0,0.7,0.3
281,CNN,Sun May 06 20:00:05 +0000 2018,Fresh faces offer hope in Lebanon's first election in a decade https://t.co/9ErhWYvRbW https://t.co/Wi9OHcAkJt,0.6369,0.342,0.658,0.0
282,CNN,Sun May 06 19:45:03 +0000 2018,Hawaii eruption destroys 5 homes as toxic gas and molten lava threaten residents https://t.co/jAjdjwHhUq https://t.co/8HHin3TUoY,-0.7351,0.0,0.659,0.341
283,CNN,Sun May 06 19:30:06 +0000 2018,Three Palestinians killed by Israeli forces at Gaza border https://t.co/oE5FD4VoUc https://t.co/r0oEsO70aY,-0.6705,0.0,0.69,0.31
284,CNN,Sun May 06 19:15:09 +0000 2018,"House Intelligence Committee Chairman Devin Nunes, in spat with Justice Department, threatens Attorney General Jeff‚Ä¶ https://t.co/U7GY2MaCeh",0.5994,0.294,0.588,0.118
285,CNN,Sun May 06 19:00:10 +0000 2018,"For corporate profits, is this as good as it gets? https://t.co/oO7OPNicsY https://t.co/vVcQtV9Ei2",0.7003,0.367,0.633,0.0
286,CNN,Sun May 06 18:44:17 +0000 2018,Would you compromise your religious beliefs to succeed in your career? @WKamauBell talks to #Sikh actor‚Ä¶ https://t.co/a76TRkedht,0.4939,0.167,0.833,0.0
287,CNN,Sun May 06 18:30:03 +0000 2018,"Iran warns the US that abandoning nuclear deal would be ""historic mistake"" https://t.co/FWfuTcq04R https://t.co/skDEzge0Ka",-0.6597,0.0,0.632,0.368
288,CNN,Sun May 06 18:15:04 +0000 2018,The quest to build a million Obamas https://t.co/QxZQuh071j https://t.co/MgLGkHQxwN,0.0,0.0,1.0,0.0
289,CNN,Sun May 06 18:00:01 +0000 2018,"Kellyanne Conway, counselor to President Trump, denies that the White House has a credibility crisis‚Ä¶ https://t.co/UvtekYJMgO",-0.4215,0.0,0.833,0.167
290,CNN,Sun May 06 17:45:13 +0000 2018,First lady Melania Trump to announce formal platform during Rose Garden ceremony https://t.co/kJPFuZjqEt https://t.co/oqRKwGoEQP,0.0,0.0,1.0,0.0
291,CNN,Sun May 06 17:30:04 +0000 2018,Pakistan's Interior Minister Ahsan Iqbal shot and injured https://t.co/YvPgglFx9K https://t.co/pDU7Bj3Dzh,-0.4019,0.0,0.769,0.231
292,CNN,Sun May 06 17:15:05 +0000 2018,Tinder Fire in Arizona has destroyed 33 homes and is still burning https://t.co/Lhe7S8vR1B https://t.co/KRrkxGVwyr,-0.6808,0.0,0.682,0.318
293,CNN,Sun May 06 17:00:05 +0000 2018,"Mother of Waffle House shooting victim, DeEbony Groves, receives her daughter's college diploma‚Ä¶ https://t.co/KVquSykrJr",-0.2732,0.0,0.861,0.139
294,CNN,Sun May 06 16:45:00 +0000 2018,The Duke and Duchess of Cambridge just released this adorable new photograph of Princess Charlotte and Prince Louis‚Ä¶ https://t.co/JrK0gqaP1o,0.5789,0.172,0.828,0.0
295,CNN,Sun May 06 16:41:21 +0000 2018,RT @CNNPolitics: Avenatti on Stormy Daniels appearance on NBC‚Äôs ‚ÄúSaturday Night Live‚Äù: ‚ÄúI don‚Äôt think it did any harm for the case whatsoev‚Ä¶,-0.5423,0.0,0.863,0.137
296,CNN,Sun May 06 16:30:08 +0000 2018,Pollen is costing Japan nearly $2 billion a year https://t.co/V6r5xPC72j https://t.co/pi3emhhlDa,0.0,0.0,1.0,0.0
297,CNN,Sun May 06 16:24:22 +0000 2018,"Missouri GOP Sen. Roy Blunt says President Trump's efforts to follow campaign promises are ""more important"" than mi‚Ä¶ https://t.co/O77JmT7nhW",0.5709,0.216,0.784,0.0
298,CNN,Sun May 06 16:00:06 +0000 2018,"Rep. Adam Schiff, the top Democrat on the House Intelligence Committee, says he doesn't believe critical comments f‚Ä¶ https://t.co/M40hJaPJRZ",0.7061,0.3,0.7,0.0
299,CNN,Sun May 06 15:45:43 +0000 2018,"Over a dozen killed in mosque blast, as violence grips Afghanistan https://t.co/7e4DuQQnOj https://t.co/P5fqPefj2w",-0.8625,0.0,0.538,0.462
300,FoxNews,Mon May 07 09:02:31 +0000 2018,"Patrice Lee Onwuka: ""Parents were overwhelmingly supportive of ensuring young people understand what our nation sta‚Ä¶ https://t.co/Pp6HbkuPAt",0.4215,0.217,0.707,0.076
301,FoxNews,Mon May 07 09:00:01 +0000 2018,'This is Unsustainable': Group Pushes for California to Secede from United States https://t.co/CSKm3ADOVD https://t.co/R47bWV3fU8,0.4215,0.177,0.823,0.0
302,FoxNews,Mon May 07 08:51:00 +0000 2018,"On @foxandfriends, @DiamondandSilk called out what they called ""the very fake news, the left-wing media.""‚Ä¶ https://t.co/cYvYa9Se46",-0.5256,0.0,0.816,0.184
303,FoxNews,Mon May 07 08:48:00 +0000 2018,"Former AG Michael Mukasey: ""We should see the memo."" https://t.co/HVcePnt0oS",0.0,0.0,1.0,0.0
304,FoxNews,Mon May 07 08:42:00 +0000 2018,"British Airways passengers greeted at airport with live music, whiskey after inaugural flight to Nashville https://t.co/hSh3KU7lWj",0.2732,0.123,0.877,0.0
305,FoxNews,Mon May 07 08:37:54 +0000 2018,Attorney General Jeff Session and Ice Director head to southern border today https://t.co/bCqafvEqmc,0.0,0.0,1.0,0.0
306,FoxNews,Mon May 07 08:37:00 +0000 2018,".@GOPLeader: ""@NancyPelosi will not be Speaker. Republicans will keep the majority."" https://t.co/5ifSehJW7R",0.0,0.0,1.0,0.0
307,FoxNews,Mon May 07 08:30:00 +0000 2018,Rosie O'Donnell's donations to Dems exceeded limit: report https://t.co/5UkN5g7tgW,0.0,0.0,1.0,0.0
308,FoxNews,Mon May 07 08:25:00 +0000 2018,John Cena and Nikki Bella share inspirational posts with fans on what would have been their wedding day https://t.co/2kp26xzVfC,0.6705,0.244,0.756,0.0
309,FoxNews,Mon May 07 08:24:36 +0000 2018,"Mike Baker: ""If it was any other administration that had chosen Gina Haspel, I think they would be praised for a ro‚Ä¶ https://t.co/gn1zHvQXXL",0.4939,0.138,0.862,0.0
310,FoxNews,Mon May 07 08:19:00 +0000 2018,".@Dennis_Kucinich: ""Both party establishments are locked into yesterday."" https://t.co/XKfO2RSbpN",0.4019,0.252,0.748,0.0
311,FoxNews,Mon May 07 08:15:00 +0000 2018,"On @foxandfriends, @realCandaceO made clear she has no time to be PC. https://t.co/5vdRMF49NM https://t.co/0Bzx8TVErq",0.1027,0.155,0.714,0.131
312,FoxNews,Mon May 07 08:12:58 +0000 2018,.@VP Mike Pence to discuss Iran nuclear deal with U.K. https://t.co/0vmPuLIcvd,0.0,0.0,1.0,0.0
313,FoxNews,Mon May 07 08:09:14 +0000 2018,"Hawaii's volcanic eruption has destroyed at least 26 homes, forced thousands to evacuate https://t.co/PY9KqEdcwi https://t.co/dciNemGuGN",-0.7351,0.0,0.677,0.323
314,FoxNews,Mon May 07 08:06:27 +0000 2018,Florida deputy in critical condition after being shot responding to reported dispute https://t.co/V77ZTRXszI https://t.co/Crgm8xm4MD,-0.6124,0.0,0.706,0.294
315,FoxNews,Mon May 07 08:00:00 +0000 2018,World War II veteran graduates college. https://t.co/HPfKUUpUOU,-0.5994,0.0,0.606,0.394
316,FoxNews,Mon May 07 07:50:00 +0000 2018,".@DiamondandSilk: ""People are tired of the very fake news, the left-wing media, spreading lies. I mean, deliberatel‚Ä¶ https://t.co/IgebpmClD7",-0.8439,0.0,0.606,0.394
317,FoxNews,Mon May 07 07:45:00 +0000 2018,".@RealCandaceO: ‚ÄúI blame Obama, his 8 years in office did a lot of damage in terms of race relations in this countr‚Ä¶ https://t.co/ChBVWoppcM",-0.6808,0.0,0.772,0.228
318,FoxNews,Mon May 07 07:40:00 +0000 2018,"Rudy Giuliani on Mueller probe: ""The only crimes committed here have been committed by the government.""‚Ä¶ https://t.co/MDBkoKOH6v",0.4939,0.219,0.781,0.0
319,FoxNews,Mon May 07 07:34:00 +0000 2018,"Former AG Michael Mukasey: ""This investigation was launched initially in a flawed way."" https://t.co/jOOxDmPWKc",0.128,0.111,0.889,0.0
320,FoxNews,Mon May 07 09:02:31 +0000 2018,"Patrice Lee Onwuka: ""Parents were overwhelmingly supportive of ensuring young people understand what our nation sta‚Ä¶ https://t.co/Pp6HbkuPAt",0.4215,0.217,0.707,0.076
321,FoxNews,Mon May 07 09:00:01 +0000 2018,'This is Unsustainable': Group Pushes for California to Secede from United States https://t.co/CSKm3ADOVD https://t.co/R47bWV3fU8,0.4215,0.177,0.823,0.0
322,FoxNews,Mon May 07 08:51:00 +0000 2018,"On @foxandfriends, @DiamondandSilk called out what they called ""the very fake news, the left-wing media.""‚Ä¶ https://t.co/cYvYa9Se46",-0.5256,0.0,0.816,0.184
323,FoxNews,Mon May 07 08:48:00 +0000 2018,"Former AG Michael Mukasey: ""We should see the memo."" https://t.co/HVcePnt0oS",0.0,0.0,1.0,0.0
324,FoxNews,Mon May 07 08:42:00 +0000 2018,"British Airways passengers greeted at airport with live music, whiskey after inaugural flight to Nashville https://t.co/hSh3KU7lWj",0.2732,0.123,0.877,0.0
325,FoxNews,Mon May 07 08:37:54 +0000 2018,Attorney General Jeff Session and Ice Director head to southern border today https://t.co/bCqafvEqmc,0.0,0.0,1.0,0.0
326,FoxNews,Mon May 07 08:37:00 +0000 2018,".@GOPLeader: ""@NancyPelosi will not be Speaker. Republicans will keep the majority."" https://t.co/5ifSehJW7R",0.0,0.0,1.0,0.0
327,FoxNews,Mon May 07 08:30:00 +0000 2018,Rosie O'Donnell's donations to Dems exceeded limit: report https://t.co/5UkN5g7tgW,0.0,0.0,1.0,0.0
328,FoxNews,Mon May 07 08:25:00 +0000 2018,John Cena and Nikki Bella share inspirational posts with fans on what would have been their wedding day https://t.co/2kp26xzVfC,0.6705,0.244,0.756,0.0
329,FoxNews,Mon May 07 08:24:36 +0000 2018,"Mike Baker: ""If it was any other administration that had chosen Gina Haspel, I think they would be praised for a ro‚Ä¶ https://t.co/gn1zHvQXXL",0.4939,0.138,0.862,0.0
330,FoxNews,Mon May 07 08:19:00 +0000 2018,".@Dennis_Kucinich: ""Both party establishments are locked into yesterday."" https://t.co/XKfO2RSbpN",0.4019,0.252,0.748,0.0
331,FoxNews,Mon May 07 08:15:00 +0000 2018,"On @foxandfriends, @realCandaceO made clear she has no time to be PC. https://t.co/5vdRMF49NM https://t.co/0Bzx8TVErq",0.1027,0.155,0.714,0.131
332,FoxNews,Mon May 07 08:12:58 +0000 2018,.@VP Mike Pence to discuss Iran nuclear deal with U.K. https://t.co/0vmPuLIcvd,0.0,0.0,1.0,0.0
333,FoxNews,Mon May 07 08:09:14 +0000 2018,"Hawaii's volcanic eruption has destroyed at least 26 homes, forced thousands to evacuate https://t.co/PY9KqEdcwi https://t.co/dciNemGuGN",-0.7351,0.0,0.677,0.323
334,FoxNews,Mon May 07 08:06:27 +0000 2018,Florida deputy in critical condition after being shot responding to reported dispute https://t.co/V77ZTRXszI https://t.co/Crgm8xm4MD,-0.6124,0.0,0.706,0.294
335,FoxNews,Mon May 07 08:00:00 +0000 2018,World War II veteran graduates college. https://t.co/HPfKUUpUOU,-0.5994,0.0,0.606,0.394
336,FoxNews,Mon May 07 07:50:00 +0000 2018,".@DiamondandSilk: ""People are tired of the very fake news, the left-wing media, spreading lies. I mean, deliberatel‚Ä¶ https://t.co/IgebpmClD7",-0.8439,0.0,0.606,0.394
337,FoxNews,Mon May 07 07:45:00 +0000 2018,".@RealCandaceO: ‚ÄúI blame Obama, his 8 years in office did a lot of damage in terms of race relations in this countr‚Ä¶ https://t.co/ChBVWoppcM",-0.6808,0.0,0.772,0.228
338,FoxNews,Mon May 07 07:40:00 +0000 2018,"Rudy Giuliani on Mueller probe: ""The only crimes committed here have been committed by the government.""‚Ä¶ https://t.co/MDBkoKOH6v",0.4939,0.219,0.781,0.0
339,FoxNews,Mon May 07 07:34:00 +0000 2018,"Former AG Michael Mukasey: ""This investigation was launched initially in a flawed way."" https://t.co/jOOxDmPWKc",0.128,0.111,0.889,0.0
340,FoxNews,Mon May 07 07:29:00 +0000 2018,Deployed military unit surprises soldier‚Äôs daughter with cheer routine https://t.co/P0DCw9MCJc,0.6369,0.394,0.606,0.0
341,FoxNews,Mon May 07 07:24:00 +0000 2018,".@dbongino: ""I would never want a Republican to do to a Democrat what they're doing to @realDonaldTrump now."" https://t.co/pQMFO65Ohp",-0.0572,0.0,0.929,0.071
342,FoxNews,Mon May 07 07:19:00 +0000 2018,Dallas restaurant's gun regulation message sparks controversy with @NRA https://t.co/VNemsX1oWw,-0.34,0.0,0.789,0.211
343,FoxNews,Mon May 07 07:14:00 +0000 2018,"After a young giraffe was rejected by her mother, she has learned how to stand on her own feet, South Australia‚Äôs M‚Ä¶ https://t.co/R7aLpdWhD5",-0.5106,0.0,0.864,0.136
344,FoxNews,Mon May 07 07:09:00 +0000 2018,"On @foxandfriends, Congressman @SteveScalise discussed the midterm elections, stating that Republicans have ""the ec‚Ä¶ https://t.co/L23mceoSJC",0.0,0.0,1.0,0.0
345,FoxNews,Mon May 07 07:04:00 +0000 2018,"Rudy Giuliani: ""Attorney General Sessions should step up and dismiss this entire investigation."" https://t.co/JRPHb4xPiL",0.0,0.0,1.0,0.0
346,FoxNews,Mon May 07 07:00:01 +0000 2018,"An adventurer in Canada set sail down a driveway as high winds and severe thunderstorms swept across Ontario, Canad‚Ä¶ https://t.co/ugakOIY4xW",-0.1027,0.101,0.78,0.119
347,FoxNews,Mon May 07 06:55:00 +0000 2018,New York doctor pleads guilty in fatal abortion https://t.co/gt25hGx4Mn,-0.743,0.0,0.526,0.474
348,FoxNews,Mon May 07 06:50:00 +0000 2018,".@dbongino: ""Bob Mueller is effectively the most powerful person in the world right now because the Constitution is‚Ä¶ https://t.co/d0t0MgPYri",0.7178,0.261,0.739,0.0
349,FoxNews,Mon May 07 06:45:00 +0000 2018,Lady Antebellum botches part of national anthem at @NHL playoff game https://t.co/DFXzeHnzh1 https://t.co/uLMmkA9xLU,0.0,0.0,1.0,0.0
350,FoxNews,Mon May 07 06:39:00 +0000 2018,".@michaeljknowles: ""Illegal immigration is illegal... We know that 60 - 80% of women and girls who cross the border‚Ä¶ https://t.co/TOiK1Xgn2d",-0.5574,0.0,0.833,0.167
351,FoxNews,Mon May 07 06:35:00 +0000 2018,".@SebGorka on @HillaryClinton: ""She's a disaster‚Äì that's why she lost."" @GregGutfeldShow https://t.co/YgDyttc3Wb",0.0,0.0,1.0,0.0
352,FoxNews,Mon May 07 06:30:00 +0000 2018,Comedian sorry for 'edgy joke' hoping Warriors star 'gets shot in the face' https://t.co/pwY0HQmtxn,0.743,0.402,0.529,0.069
353,FoxNews,Mon May 07 06:25:00 +0000 2018,"Joe diGenova: ""[Mueller is] investigating to impeach. That is an unconstitutional position for him to be in."" https://t.co/AD0Hiwo5oP",0.0,0.0,1.0,0.0
354,FoxNews,Mon May 07 06:20:00 +0000 2018,Woman's $18 bet on Kentucky Derby day wins $1.2 million https://t.co/uI0UwQ4AKH,0.5719,0.27,0.73,0.0
355,FoxNews,Mon May 07 06:15:00 +0000 2018,"Dramatic video shows inside the evacuated Leilani Estates, where lava erupting from Hawaii's powerful Kilauea volca‚Ä¶ https://t.co/OjmRTQaJgQ",0.4215,0.149,0.851,0.0
356,FoxNews,Mon May 07 06:10:00 +0000 2018,Illinois counties form 'sanctuaries' for gun owners to thwart state's push for gun control https://t.co/y4MUKGg95l,-0.5859,0.0,0.73,0.27
357,FoxNews,Mon May 07 06:05:00 +0000 2018,.@DevinNunes: ‚ÄúWe have to move quickly to hold the Attorney General of the United States in contempt and that‚Äôs wha‚Ä¶ https://t.co/6l3snqqH9L,-0.25,0.109,0.742,0.148
358,FoxNews,Mon May 07 06:00:00 +0000 2018,Ken Jeong stopped a live show to provide medical attention to an audience member https://t.co/4Rz8AFTwCK,-0.2263,0.0,0.872,0.128
359,FoxNews,Mon May 07 05:55:00 +0000 2018,".@dbongino on special counsel investigation: ""This has been a witch hunt from the start."" https://t.co/TZ4QJu27tG",0.0516,0.157,0.698,0.145
360,FoxNews,Mon May 07 05:50:00 +0000 2018,People react to #MeghanMarkle and Prince Harry postponing their royal honeymoon https://t.co/0DjJ2FzbSX,-0.128,0.0,0.88,0.12
361,FoxNews,Mon May 07 05:45:00 +0000 2018,"Joe diGenova on Mueller investigation: ""They're investigating a person, not a crime, and in so doing it is the most‚Ä¶ https://t.co/sMLYBa9ijW",0.431,0.137,0.863,0.0
362,FoxNews,Mon May 07 05:40:00 +0000 2018,"On ""Life, Liberty &amp; Levin,"" @dbongino claimed Democrats are not only setting up a ""path for impeachment, they're al‚Ä¶ https://t.co/htIXVASv1X",0.5267,0.159,0.841,0.0
363,FoxNews,Mon May 07 05:34:00 +0000 2018,".@JudgeJeanine: ""It's time to end the Mueller, @Comey, Rosenstein cabal for once and for all.""‚Ä¶ https://t.co/Abe8pCpJcE",0.0,0.0,1.0,0.0
364,FoxNews,Mon May 07 05:30:00 +0000 2018,".@RealCandaceO: ""For so long black conservatives have not been able to have a voice."" https://t.co/voMeZnbpcf",0.0,0.0,1.0,0.0
365,FoxNews,Mon May 07 05:25:00 +0000 2018,50 live crocodiles seized at Heathrow Airport https://t.co/GutFrZ0s5F,0.0,0.0,1.0,0.0
366,FoxNews,Mon May 07 05:20:00 +0000 2018,".@KatrinaPierson: ""I do think a lot of people are shocked to see just how 'in your face' that a lot of these agenci‚Ä¶ https://t.co/hzZGyNSq3x",-0.3182,0.0,0.901,0.099
367,FoxNews,Mon May 07 05:15:00 +0000 2018,.@NHL warns Bruins' Brad Marchand to stop licking opponents https://t.co/jrgwoeWDCR https://t.co/YdXyRQ3cSt,-0.3818,0.0,0.714,0.286
368,FoxNews,Mon May 07 05:10:00 +0000 2018,".@GOPLeader: ""There was no collusion."" #SundayFutures @MariaBartiromo https://t.co/RyjSAYLU8k",-0.296,0.0,0.761,0.239
369,FoxNews,Mon May 07 05:05:00 +0000 2018,"College football player who died in Mexico was murdered, family says https://t.co/S6jJAmt7sG",-0.8402,0.0,0.556,0.444
370,FoxNews,Mon May 07 05:00:00 +0000 2018,".@dbongino: ""I think the entire Mueller operation...is a smoke screen to keep the attention on @realDonaldTrump and‚Ä¶ https://t.co/2mHsK2pTND",0.0,0.0,1.0,0.0
371,FoxNews,Mon May 07 04:55:00 +0000 2018,".@Reince: ""I was the Chief of Stuff. @POTUS is the Chief of Staff."" https://t.co/k1Tv8pLYBb",0.0,0.0,1.0,0.0
372,FoxNews,Mon May 07 04:50:00 +0000 2018,.@SteveScalise: ‚ÄúWe worked very hard with President Trump to get this economy moving again after 8 years of Barack‚Ä¶ https://t.co/OWQqT1ssRx,-0.1761,0.0,0.914,0.086
373,FoxNews,Mon May 07 04:44:00 +0000 2018,"Poll average: @POTUS approval rating, now vs. December. https://t.co/KeqVbq5q6A",0.4767,0.279,0.721,0.0
374,FoxNews,Mon May 07 04:42:00 +0000 2018,"Dems: Remove ""In God We Trust"" from schools. https://t.co/sKFmkIriUH https://t.co/gt7snBtOan",0.6597,0.403,0.597,0.0
375,FoxNews,Mon May 07 04:38:00 +0000 2018,.@WhiteHouse says Gina Haspel CIA nomination ‚Äòwon‚Äôt be derailed by partisan critics‚Äô after reports she offered to w‚Ä¶ https://t.co/Z4B4FuAjEe,-0.34,0.0,0.882,0.118
376,FoxNews,Mon May 07 04:34:00 +0000 2018,"On Twitter, @DineshDSouza weighed in on a report that liberal comedian and inveterate @realDonaldTrump adversary‚Ä¶ https://t.co/gmy5soKc3m",0.3818,0.157,0.843,0.0
377,FoxNews,Mon May 07 04:30:00 +0000 2018,"Joe diGenova on Manafort raid: ""Bob Mueller should be ashamed of himself to allow that to happen on his watch.""‚Ä¶ https://t.co/zsg2wqF0F7",-0.296,0.079,0.792,0.129
378,FoxNews,Mon May 07 04:25:00 +0000 2018,.@SebGorka on the Iran deal: ‚ÄúAs far as I‚Äôm concerned‚Ä¶ the deal is dead.‚Äù https://t.co/CqD5AHWL7I,0.0,0.0,1.0,0.0
379,FoxNews,Mon May 07 04:20:00 +0000 2018,"Hawaii's volcanic eruption has destroyed at least 26 homes, officials say https://t.co/PY9KqEuNnQ",-0.4939,0.0,0.775,0.225
380,FoxNews,Mon May 07 04:15:00 +0000 2018,".@RLHeinrichs: ""This is about, for John Kerry, preserving a legacy. It is not about pursuing U.S. national interest‚Ä¶ https://t.co/8DEAzaHZWt",0.0,0.0,1.0,0.0
381,FoxNews,Mon May 07 04:10:00 +0000 2018,"More than 60 years after last attending class, Bob Barger, a 96-year-old World War II veteran, received his college‚Ä¶ https://t.co/zVDzJBqD4q",-0.5994,0.0,0.822,0.178
382,FoxNews,Mon May 07 04:05:00 +0000 2018,".@RepGallagher: ""Term limits are a way of getting us back to that model of the citizen legislator that the framers‚Ä¶ https://t.co/Uq2yoPOl1g",0.0,0.0,1.0,0.0
383,FoxNews,Mon May 07 04:01:00 +0000 2018,A nine-year-old passes the American flag while carrying an airsoft gun in a holster at an open carry firearm rally‚Ä¶ https://t.co/Ts3p5Ny4VE,-0.34,0.0,0.882,0.118
384,FoxNews,Mon May 07 03:49:00 +0000 2018,".@POTUS: ""If you don't have borders, you don't have a country."" https://t.co/aiUOyRGXkV",0.0,0.0,1.0,0.0
385,FoxNews,Mon May 07 03:49:00 +0000 2018,"On @foxandfriends, @RealCandaceO blamed former President @BarackObama and others in the Democratic Party for racial‚Ä¶ https://t.co/Q1qhKzfJE5",-0.1027,0.136,0.707,0.157
386,FoxNews,Mon May 07 03:42:00 +0000 2018,".@SebGorka: ""I just want to know now after this report came out about Kerry colluding - this is collusion, this is‚Ä¶ https://t.co/Z6mHR453fV",-0.2263,0.058,0.844,0.098
387,FoxNews,Mon May 07 03:40:00 +0000 2018,'This is Unsustainable': Group Pushes for California to Secede from United States https://t.co/CSKm3ADOVD https://t.co/O5DfLLZ4ck,0.4215,0.177,0.823,0.0
388,FoxNews,Mon May 07 03:38:00 +0000 2018,"Earlier today, @FLOTUS Melania Trump revealed that tomorrow she'll make a major announcement at The @WhiteHouse. https://t.co/W4C4eAJPbm",0.0,0.0,1.0,0.0
389,FoxNews,Mon May 07 03:33:00 +0000 2018,".@GOPLeader: ""Not only did [Iran] get billions of dollars, they spent that money fostering terrorism around the wor‚Ä¶ https://t.co/VHdJ15uABj",-0.6808,0.0,0.796,0.204
390,FoxNews,Mon May 07 03:31:00 +0000 2018,"Joe diGenova: ""The president will not sit down for an interview because this investigation has now reached the leve‚Ä¶ https://t.co/uMIFjaR2Vz",0.1027,0.069,0.931,0.0
391,FoxNews,Mon May 07 03:21:00 +0000 2018,World War II veteran graduates college. https://t.co/Zwejahyct0,-0.5994,0.0,0.606,0.394
392,FoxNews,Mon May 07 03:15:00 +0000 2018,".@JoeLieberman on @JohnKerry: ""What he's doing is inappropriate."" https://t.co/R6emtwrlow",0.0,0.0,1.0,0.0
393,FoxNews,Mon May 07 03:11:00 +0000 2018,"On @foxandfriends, @DiamondandSilk called out what they called ""the very fake news, the left-wing media.""‚Ä¶ https://t.co/krvUShHEJU",-0.5256,0.0,0.816,0.184
394,FoxNews,Mon May 07 03:07:00 +0000 2018,".@MariaBaritiromo: ""China has been stealing from America for years on years. We have not pushed back on it."" https://t.co/EGf81fT5CD",-0.5719,0.0,0.829,0.171
395,FoxNews,Mon May 07 03:06:20 +0000 2018,".@dbongino: ""Mueller's sole purpose right now is to run a smoke screen while investigating Donald #Trump to protect‚Ä¶ https://t.co/F1AjiDo32g",0.0,0.0,1.0,0.0
396,FoxNews,Mon May 07 03:03:00 +0000 2018,"Don Gorske, the Big Mac Man: ""When I bit into that first Big Mac, it was just so good, and I just knew I was going‚Ä¶ https://t.co/2qMnInraUP",0.5777,0.14,0.86,0.0
397,FoxNews,Mon May 07 02:58:23 +0000 2018,"Joe diGenova: ""The only thing that President @realDonaldTrump did wrong in firing @Comey was that he didn't do it I‚Ä¶ https://t.co/y7leAIKu3m",-0.6705,0.0,0.776,0.224
398,FoxNews,Mon May 07 02:53:03 +0000 2018,".@dbongino: ""I would never want a Republican to do to a Democrat what they're doing to @realDonaldTrump now."" https://t.co/0c9zShuWTj",-0.0572,0.0,0.929,0.071
399,FoxNews,Mon May 07 02:49:21 +0000 2018,"Joe diGenova on Mueller investigation: ""They're investigating a person, not a crime, and in so doing it is the most‚Ä¶ https://t.co/sKWtIhGQyZ",0.431,0.137,0.863,0.0
400,nytimes,Mon May 07 09:01:45 +0000 2018,He arrived at the Supreme Court last year with a reputation as a fine writer. He promptly lost it. https://t.co/vl5H3XTGk6,0.4767,0.238,0.661,0.101
401,nytimes,Mon May 07 08:45:05 +0000 2018,"When New Zealand disappeared from world maps, its prime minister found a tourism campaign https://t.co/erKknuIdBi",-0.2263,0.0,0.872,0.128
402,nytimes,Mon May 07 08:35:03 +0000 2018,"Europeans are about to gain new rights over companies that hold their data. Here's what will, and won't, change. https://t.co/JxDR2MecOF",0.5267,0.152,0.848,0.0
403,nytimes,Mon May 07 08:25:23 +0000 2018,"In the student uprisings of Paris 1968, printed posters were used in a fashion similar to social media today https://t.co/mEfXWdfdHd",0.0,0.0,1.0,0.0
404,nytimes,Mon May 07 08:17:10 +0000 2018,"If you only use a few emoji characters, you can create text shortcuts for them and disable the emoji keyboard https://t.co/v1S7TlUbEG",0.2732,0.1,0.9,0.0
405,nytimes,Mon May 07 08:00:15 +0000 2018,Something to think about next time you see mold growing on strawberries that you left in your fridge for too long https://t.co/gO2boowlDA,0.1779,0.075,0.925,0.0
406,nytimes,Mon May 07 07:43:18 +0000 2018,‚ÄúWe still don‚Äôt tell accurate history of our country and we still don‚Äôt frame that the United States is a country b‚Ä¶ https://t.co/z6VwA48uct,0.4215,0.118,0.882,0.0
407,nytimes,Mon May 07 07:26:24 +0000 2018,This isn't creepy at all... https://t.co/m0YYt0vEG0,0.0,0.0,1.0,0.0
408,nytimes,Mon May 07 07:09:39 +0000 2018,"Some of the most intriguing relics of Sofia, Bulgaria's tangled past are lurking just below the sidewalk https://t.co/M7DqCPEAC9",-0.128,0.0,0.919,0.081
409,nytimes,Mon May 07 06:52:52 +0000 2018,"Pointing at his face, Carrot Top says with a grimace: ‚ÄúThank you for looking at this.‚Äù Then he waits a beat, lookin‚Ä¶ https://t.co/FrDCjWP4ol",-0.0516,0.079,0.833,0.088
410,nytimes,Mon May 07 06:35:46 +0000 2018,"In Sri Lanka, some worry that a major Buddhist holiday is becoming as commercial as Christmas. ""This shouldn‚Äôt beco‚Ä¶ https://t.co/82XFzd0Cp0",-0.0516,0.119,0.752,0.128
411,nytimes,Mon May 07 06:19:10 +0000 2018,‚ÄúThere is something irresistible about being in the middle of a place ‚Äî a street ‚Äî where you‚Äôre normally not allowe‚Ä¶ https://t.co/y5bhQIXTFG,0.34,0.124,0.876,0.0
412,nytimes,Mon May 07 06:02:33 +0000 2018,1 in 5 highly engaged employees is at risk of burnout. ‚ÄúQuite honestly in America we glorify stress.‚Äù https://t.co/k4etJrtaVe,0.8221,0.391,0.524,0.085
413,nytimes,Mon May 07 05:46:08 +0000 2018,The quality of those flamboyantly-bottled extra a√±ejo tequilas doesn‚Äôt always measure up to the expense and hype https://t.co/KeNOaTkHbI,0.0,0.0,1.0,0.0
414,nytimes,Mon May 07 05:29:33 +0000 2018,"Tim Kane would seem to have the right stuff to be a GOP candidate for Congress in any other year. But in 2018, he s‚Ä¶ https://t.co/EK8YYhoUkf",0.0,0.0,1.0,0.0
415,nytimes,Mon May 07 05:13:16 +0000 2018,"In an industry where cheap labor is an essential component in providing inexpensive food, a shortage of workers is‚Ä¶ https://t.co/vXsgQyjlDP",-0.25,0.0,0.9,0.1
416,nytimes,Mon May 07 04:56:50 +0000 2018,"With our cultural obsession for contouring and strobing, many popular products are anything but subtle https://t.co/I3oGDq0v5c",0.0516,0.108,0.795,0.097
417,nytimes,Mon May 07 04:39:53 +0000 2018,"RT @MujMash: We followed a boy and his parrot - 
to tell the story of displacement from an Afghan province where 1 in every 3 people is eit‚Ä¶",0.0,0.0,1.0,0.0
418,nytimes,Mon May 07 04:23:25 +0000 2018,Feeling Burned Out? Here Are 3 Things That Can Help https://t.co/WxUrUfomdk,0.4939,0.344,0.656,0.0
419,nytimes,Mon May 07 04:21:45 +0000 2018,"When you think of rhubarb you probably think of strawberry-rhubarb pie, a quintessential spring dessert, but what a‚Ä¶ https://t.co/rMToSE3MaQ",0.0,0.0,1.0,0.0
420,nytimes,Mon May 07 09:01:45 +0000 2018,He arrived at the Supreme Court last year with a reputation as a fine writer. He promptly lost it. https://t.co/vl5H3XTGk6,0.4767,0.238,0.661,0.101
421,nytimes,Mon May 07 08:45:05 +0000 2018,"When New Zealand disappeared from world maps, its prime minister found a tourism campaign https://t.co/erKknuIdBi",-0.2263,0.0,0.872,0.128
422,nytimes,Mon May 07 08:35:03 +0000 2018,"Europeans are about to gain new rights over companies that hold their data. Here's what will, and won't, change. https://t.co/JxDR2MecOF",0.5267,0.152,0.848,0.0
423,nytimes,Mon May 07 08:25:23 +0000 2018,"In the student uprisings of Paris 1968, printed posters were used in a fashion similar to social media today https://t.co/mEfXWdfdHd",0.0,0.0,1.0,0.0
424,nytimes,Mon May 07 08:17:10 +0000 2018,"If you only use a few emoji characters, you can create text shortcuts for them and disable the emoji keyboard https://t.co/v1S7TlUbEG",0.2732,0.1,0.9,0.0
425,nytimes,Mon May 07 08:00:15 +0000 2018,Something to think about next time you see mold growing on strawberries that you left in your fridge for too long https://t.co/gO2boowlDA,0.1779,0.075,0.925,0.0
426,nytimes,Mon May 07 07:43:18 +0000 2018,‚ÄúWe still don‚Äôt tell accurate history of our country and we still don‚Äôt frame that the United States is a country b‚Ä¶ https://t.co/z6VwA48uct,0.4215,0.118,0.882,0.0
427,nytimes,Mon May 07 07:26:24 +0000 2018,This isn't creepy at all... https://t.co/m0YYt0vEG0,0.0,0.0,1.0,0.0
428,nytimes,Mon May 07 07:09:39 +0000 2018,"Some of the most intriguing relics of Sofia, Bulgaria's tangled past are lurking just below the sidewalk https://t.co/M7DqCPEAC9",-0.128,0.0,0.919,0.081
429,nytimes,Mon May 07 06:52:52 +0000 2018,"Pointing at his face, Carrot Top says with a grimace: ‚ÄúThank you for looking at this.‚Äù Then he waits a beat, lookin‚Ä¶ https://t.co/FrDCjWP4ol",-0.0516,0.079,0.833,0.088
430,nytimes,Mon May 07 06:35:46 +0000 2018,"In Sri Lanka, some worry that a major Buddhist holiday is becoming as commercial as Christmas. ""This shouldn‚Äôt beco‚Ä¶ https://t.co/82XFzd0Cp0",-0.0516,0.119,0.752,0.128
431,nytimes,Mon May 07 06:19:10 +0000 2018,‚ÄúThere is something irresistible about being in the middle of a place ‚Äî a street ‚Äî where you‚Äôre normally not allowe‚Ä¶ https://t.co/y5bhQIXTFG,0.34,0.124,0.876,0.0
432,nytimes,Mon May 07 06:02:33 +0000 2018,1 in 5 highly engaged employees is at risk of burnout. ‚ÄúQuite honestly in America we glorify stress.‚Äù https://t.co/k4etJrtaVe,0.8221,0.391,0.524,0.085
433,nytimes,Mon May 07 05:46:08 +0000 2018,The quality of those flamboyantly-bottled extra a√±ejo tequilas doesn‚Äôt always measure up to the expense and hype https://t.co/KeNOaTkHbI,0.0,0.0,1.0,0.0
434,nytimes,Mon May 07 05:29:33 +0000 2018,"Tim Kane would seem to have the right stuff to be a GOP candidate for Congress in any other year. But in 2018, he s‚Ä¶ https://t.co/EK8YYhoUkf",0.0,0.0,1.0,0.0
435,nytimes,Mon May 07 05:13:16 +0000 2018,"In an industry where cheap labor is an essential component in providing inexpensive food, a shortage of workers is‚Ä¶ https://t.co/vXsgQyjlDP",-0.25,0.0,0.9,0.1
436,nytimes,Mon May 07 04:56:50 +0000 2018,"With our cultural obsession for contouring and strobing, many popular products are anything but subtle https://t.co/I3oGDq0v5c",0.0516,0.108,0.795,0.097
437,nytimes,Mon May 07 04:39:53 +0000 2018,"RT @MujMash: We followed a boy and his parrot - 
to tell the story of displacement from an Afghan province where 1 in every 3 people is eit‚Ä¶",0.0,0.0,1.0,0.0
438,nytimes,Mon May 07 04:23:25 +0000 2018,Feeling Burned Out? Here Are 3 Things That Can Help https://t.co/WxUrUfomdk,0.4939,0.344,0.656,0.0
439,nytimes,Mon May 07 04:21:45 +0000 2018,"When you think of rhubarb you probably think of strawberry-rhubarb pie, a quintessential spring dessert, but what a‚Ä¶ https://t.co/rMToSE3MaQ",0.0,0.0,1.0,0.0
440,nytimes,Mon May 07 04:07:14 +0000 2018,Here's what you'll be binge-watching in May https://t.co/uN5eQKHyu5,0.0,0.0,1.0,0.0
441,nytimes,Mon May 07 03:52:42 +0000 2018,"You probably can't go to Mars. So we decided to bring Mars to you, or at least to your smartphone:‚Ä¶ https://t.co/pfJlAtowRx",0.0,0.0,1.0,0.0
442,nytimes,Mon May 07 03:35:25 +0000 2018,"We're sorry if you're afraid of spiders, but this is very interesting https://t.co/iuFkNvXS5C",0.5913,0.247,0.682,0.071
443,nytimes,Mon May 07 03:19:21 +0000 2018,"Make some instant ramen. Slide an egg into the hot broth, then some butter. Crown the steaming noodles with slices‚Ä¶ https://t.co/w7rGAXMU7z",0.0,0.0,1.0,0.0
444,nytimes,Mon May 07 03:04:15 +0000 2018,"As he battles brain cancer and the debilitating side effects of his aggressive treatment, John McCain himself is re‚Ä¶ https://t.co/1yvLSYRiEO",-0.8225,0.0,0.664,0.336
445,nytimes,Mon May 07 02:46:28 +0000 2018,Small amounts of exercise could have an outsize effect on happiness https://t.co/JyUGGChZkd,0.5574,0.247,0.753,0.0
446,nytimes,Mon May 07 02:44:22 +0000 2018,RT @MichaelPaulson: Wait for it: The creators of @HamiltonMusical are building a traveling exhibition about Alexander Hamilton's life and t‚Ä¶,0.0,0.0,1.0,0.0
447,nytimes,Mon May 07 02:29:12 +0000 2018,Surfacing: Vietnamese Forged a Community in New Orleans. Now It May Be Fading. https://t.co/GzEXsoEQDP,0.0,0.0,1.0,0.0
448,nytimes,Mon May 07 02:18:21 +0000 2018,"‚ÄúIt‚Äôs chic to repeat‚Äù and ‚ÄúThe best new clothes are old clothes"" https://t.co/C7H89RFeKd",0.743,0.364,0.636,0.0
449,nytimes,Mon May 07 01:59:34 +0000 2018,"A frugal legal secretary from Brooklyn, who rode the subway to one law firm for 67 years, quietly amassed a fortune‚Ä¶ https://t.co/5OlatPZt7z",0.128,0.073,0.927,0.0
450,nytimes,Mon May 07 01:40:39 +0000 2018,"If your sofa has been mauled by a furry ""friend,"" this is for you https://t.co/VBt7nRjmBj",0.0,0.0,1.0,0.0
451,nytimes,Mon May 07 01:22:05 +0000 2018,"It‚Äôs not just you.

Those pesky robocalls ‚Äî at best annoying disturbances and at worst costly financial scams ‚Äî are‚Ä¶ https://t.co/ng2lCczULw",-0.886,0.128,0.366,0.506
452,nytimes,Mon May 07 01:04:01 +0000 2018,His uncle was a mob doctor. His partners often ended up on the wrong side of the law. His business deals raised que‚Ä¶ https://t.co/BYVveXpD7n,-0.4767,0.0,0.876,0.124
453,nytimes,Mon May 07 00:48:20 +0000 2018,Scholars Have Data on Millions of Facebook Users. Who‚Äôs Guarding It? https://t.co/JOnxsVY9Bj,0.0,0.0,1.0,0.0
454,nytimes,Mon May 07 00:33:03 +0000 2018,You Can‚Äôt Separate Money From Culture https://t.co/bcFZTr39V8,0.0,0.0,1.0,0.0
455,nytimes,Mon May 07 00:23:05 +0000 2018,"Kanye West‚Äôs recent behavior and statements have led to skepticism, scorn and what feels like a collective global r‚Ä¶ https://t.co/BJdHHplchu",-0.296,0.108,0.69,0.203
456,nytimes,Mon May 07 00:08:02 +0000 2018,These simple tips will help you enjoy a luxury visit to L.A. without breaking the bank https://t.co/aME7Miayin,0.7096,0.296,0.704,0.0
457,nytimes,Sun May 06 23:49:54 +0000 2018,"Looking to buy 98,000 square feet of space on nearly 100 acres of land near the Canadian border? New York State has‚Ä¶ https://t.co/WE7qtFpVEa",0.0,0.0,1.0,0.0
458,nytimes,Sun May 06 23:31:14 +0000 2018,"Fiction: Scandal Puts a Gay Father in Prison. What of His Gay Son, a Generation Later? https://t.co/gs9anIcSLg",-0.7351,0.0,0.677,0.323
459,nytimes,Sun May 06 23:21:24 +0000 2018,Your brain can instinctively trust people simply because they sound as if they know what they‚Äôre talking about https://t.co/sb4jV9iOrb,0.5106,0.155,0.845,0.0
460,nytimes,Sun May 06 23:05:54 +0000 2018,Imran Khan Warms to Pakistan‚Äôs Military. His Political Fortunes Rise. https://t.co/iZ0gou1BdC,0.2732,0.174,0.826,0.0
461,nytimes,Sun May 06 23:03:05 +0000 2018,City Kitchen: Bread Pudding Sheds Its Sweet Image https://t.co/ZTWp9kfMBx,0.4588,0.273,0.727,0.0
462,nytimes,Sun May 06 23:02:11 +0000 2018,"Nestled in centuries of dirt and debris, several well-preserved ships and artifacts have been unearthed https://t.co/yiVZKvFQHL",-0.34,0.0,0.862,0.138
463,nytimes,Sun May 06 22:43:10 +0000 2018,News Analysis: Verifying the End of a Nuclear North Korea ‚ÄòCould Make Iran Look Easy‚Äô https://t.co/mWNeQyIbGn,0.0,0.0,1.0,0.0
464,nytimes,Sun May 06 22:40:28 +0000 2018,N.R.A. Urges Boycott of a Dallas Restaurant Supporting ‚ÄòReasonable‚Äô Gun Laws https://t.co/JCsYlYwVnL,-0.2023,0.186,0.513,0.301
465,nytimes,Sun May 06 22:30:13 +0000 2018,Inspections to confirm that North Korea had shut down its nuclear program and secure its arms would be far more one‚Ä¶ https://t.co/5qcxxX1egA,0.34,0.103,0.897,0.0
466,nytimes,Sun May 06 22:15:07 +0000 2018,"""The truth is, anyone could easily do this themselves,‚Äù said one researcher who compiled a data set on 368 million‚Ä¶ https://t.co/x0uVuBOeGd",0.5719,0.207,0.793,0.0
467,nytimes,Sun May 06 22:03:40 +0000 2018,"With Just His Parrot, a Refugee Boy Starts a Hard New Life https://t.co/k8K0O8D0kz",-0.1027,0.0,0.877,0.123
468,nytimes,Sun May 06 22:00:06 +0000 2018,"It's time to start your Met Gala prep: no, not manicures and facials, but information gathering https://t.co/dubPmM7Qwy",-0.1531,0.0,0.909,0.091
469,nytimes,Sun May 06 21:45:10 +0000 2018,"Trump said he ""essentially"" got rid of Obamacare. The IRS sees it differently. https://t.co/nTUBZkTyrd",0.0,0.0,1.0,0.0
470,nytimes,Sun May 06 21:30:10 +0000 2018,"For decades, kids played on toxic ball fields in Red Hook. Some were closed in 2012, more in 2015. Locals wonder wh‚Ä¶ https://t.co/gDjncVU6vO",0.34,0.098,0.902,0.0
471,nytimes,Sun May 06 21:15:05 +0000 2018,"After 14 of its staff members were convicted of aiding terrorism, Turkey‚Äôs leading independent newspaper went back‚Ä¶ https://t.co/rP4Udfyvil",-0.6808,0.0,0.787,0.213
472,nytimes,Sun May 06 21:00:06 +0000 2018,1 in 5 highly engaged employees is at risk of burnout. ‚ÄúQuite honestly in America we glorify stress.‚Äù https://t.co/rVwwu4vpIn,0.8221,0.391,0.524,0.085
473,nytimes,Sun May 06 20:45:09 +0000 2018,"Tim Kane would seem to have the right stuff to be a GOP candidate for Congress in any other year. But in 2018, he s‚Ä¶ https://t.co/2VOe4uHHVo",0.0,0.0,1.0,0.0
474,nytimes,Sun May 06 20:30:04 +0000 2018,"43 years ago, after the fall of Saigon, Vietnamese refugees began forging a community in New Orleans. After decades‚Ä¶ https://t.co/PKsSDNMhZB",0.0,0.0,1.0,0.0
475,nytimes,Sun May 06 20:15:08 +0000 2018,A naked man was caught on multiple cameras attacking his girlfriend in the lobby of a Peru hotel. He was acquitted.‚Ä¶ https://t.co/lP41iLlFEK,-0.4404,0.05,0.814,0.136
476,nytimes,Sun May 06 20:00:06 +0000 2018,His uncle was a mob doctor. His partners often ended up on the wrong side of the law. His business deals raised que‚Ä¶ https://t.co/F9JR6HG5nI,-0.4767,0.0,0.876,0.124
477,nytimes,Sun May 06 19:45:03 +0000 2018,"More than a billion people around the world need eyeglasses but don't have them, an affliction long overlooked on l‚Ä¶ https://t.co/EMt22Af6R8",-0.0387,0.0,0.943,0.057
478,nytimes,Sun May 06 19:30:06 +0000 2018,"A frugal legal secretary from Brooklyn, who rode the subway to one law firm for 67 years, quietly amassed a fortune‚Ä¶ https://t.co/iDCknH6DHU",0.128,0.073,0.927,0.0
479,nytimes,Sun May 06 19:15:06 +0000 2018,"""Avengers: Infinity War"" continued to vaporize its competition in its second week, becoming the fastest film ever t‚Ä¶ https://t.co/XgrM1JlCXE",-0.5994,0.0,0.822,0.178
480,nytimes,Sun May 06 19:00:01 +0000 2018,The NRA told attendees at its annual meeting in Dallas to ‚Äústeer clear‚Äù of a restaurant that said it would donate s‚Ä¶ https://t.co/uVaUeOecvJ,0.0,0.0,1.0,0.0
481,nytimes,Sun May 06 18:45:08 +0000 2018,California‚Äôs struggling Republican Party faces a new low: There may be no GOP candidate for either Senate or govern‚Ä¶ https://t.co/dbNEHLF2cs,-0.5267,0.109,0.605,0.286
482,nytimes,Sun May 06 18:30:03 +0000 2018,The garbage men of Mosul have the grim task of collecting and burying the bodies of those killed during last year's‚Ä¶ https://t.co/yQXW5kQUOA,-0.8481,0.0,0.709,0.291
483,nytimes,Sun May 06 18:15:04 +0000 2018,"After 30 years in Pakistan, a refugee family was forced back to Afghanistan, a country still at war. Six-year-old B‚Ä¶ https://t.co/MTKZIjGYIp",-0.7845,0.0,0.711,0.289
484,nytimes,Sun May 06 18:00:12 +0000 2018,"Pointing at his face, Carrot Top says with a grimace: ‚ÄúThank you for looking at this.‚Äù Then he waits a beat, lookin‚Ä¶ https://t.co/6bbdbGW6s3",-0.0516,0.079,0.833,0.088
485,nytimes,Sun May 06 17:45:11 +0000 2018,"As DNA test results are shared publicly, they become a tool for talking about race, often in ways that obscure its‚Ä¶ https://t.co/86feFpkgE0",0.34,0.107,0.893,0.0
486,nytimes,Sun May 06 17:37:16 +0000 2018,"RT @ReidForgrave: A $16.5 million lottery ticket, but the winner refused to reveal his identity. Why? ‚ÄúA classic story about an inside job.‚Ä¶",0.5267,0.186,0.714,0.1
487,nytimes,Sun May 06 17:30:03 +0000 2018,"Nestled in centuries of dirt and debris, several well-preserved ships and artifacts have been unearthed https://t.co/goBCu9HoMb",-0.34,0.0,0.862,0.138
488,nytimes,Sun May 06 17:15:03 +0000 2018,"Whenever you eat it, savory brioche pudding is a good way to win a weekend https://t.co/1uEGsIAG9u",0.7717,0.358,0.642,0.0
489,nytimes,Sun May 06 17:00:10 +0000 2018,"Here are the week‚Äôs top stories, and a look ahead https://t.co/v5roiRQ5s1",0.2023,0.167,0.833,0.0
490,nytimes,Sun May 06 16:45:07 +0000 2018,Rudy Giuliani said President Trump could invoke the Fifth Amendment if Robert Mueller issues a subpoena https://t.co/F9mLpnmdXa,0.0,0.0,1.0,0.0
491,nytimes,Sun May 06 16:30:05 +0000 2018,American black bears are not always hibernating when they should be https://t.co/jz7LSkEE0S,0.0,0.0,1.0,0.0
492,nytimes,Sun May 06 16:15:04 +0000 2018,"‚ÄúI know you don‚Äôt believe in climate change, but a storm‚Äôs a-coming, baby.‚Äù - Stormy Daniels in an unexpected cameo https://t.co/GSjSustRqw",0.0,0.0,1.0,0.0
493,nytimes,Sun May 06 16:01:55 +0000 2018,"‚ÄúThe system that we have up now in Puerto Rico is vulnerable to a hurricane, and it‚Äôs going to happen again‚Äù https://t.co/mVEP5UPZTC",-0.2263,0.0,0.913,0.087
494,nytimes,Sun May 06 16:01:15 +0000 2018,"Many experts and public officials have also lamented the decision, largely driven by federal disaster-assistance la‚Ä¶ https://t.co/f5LJTgAL2G",-0.34,0.0,0.87,0.13
495,nytimes,Sun May 06 15:58:59 +0000 2018,The human and economic damage wrought by all that time without power may be irreparable https://t.co/mVEP5UPZTC,-0.4939,0.0,0.824,0.176
496,nytimes,Sun May 06 15:57:28 +0000 2018,"Even restored sections of the grid are nightmarishly unreliable, as evidenced by last month‚Äôs outage, the second ma‚Ä¶ https://t.co/n65gkhin4C",0.34,0.118,0.882,0.0
497,nytimes,Sun May 06 15:56:17 +0000 2018,"Even now, while officials say the $2.5 billion reconstruction effort has restored power to 98 percent of the grid‚Äôs‚Ä¶ https://t.co/o1YFJGpPYm",0.34,0.112,0.888,0.0
498,nytimes,Sun May 06 15:55:30 +0000 2018,"After Hurricanes Maria and Irma, Puerto Rico all but slipped from the modern era https://t.co/TBOs29BT2S",0.0,0.0,1.0,0.0
499,nytimes,Sun May 06 15:45:04 +0000 2018,"""The distance was supposed to buffer me, but it didn‚Äôt. There is no escape from the suffering that engulfs Afghanis‚Ä¶ https://t.co/L7DdBOdYYP",-0.7096,0.076,0.667,0.257
